permit_month,Alabama,Alaska,Arizona,Arkansas,California,Colorado,Connecticut,Delaware,District of Columbia,Florida,Georgia,Guam,Hawaii,Idaho,Illinois,Indiana,Iowa,Kansas,Kentucky,Louisiana,Maine,Mariana Islands,Maryland,Massachusetts,Michigan,Minnesota,Mississippi,Missouri,Montana,Nebraska,Nevada,New Hampshire,New Jersey,New Mexico,New York,North Carolina,North Dakota,Ohio,Oklahoma,Oregon,Pennsylvania,Puerto Rico,Rhode Island,South Carolina,South Dakota,Tennessee,Texas,Utah,Vermont,Virgin Islands,Virginia,Washington,West Virginia,Wisconsin,Wyoming
2017-09,16717.0,209.0,5069.0,2935.0,57839.0,4356.0,4343.0,275.0,1.0,10784.0,12074.0,0.0,946.0,5162.0,15712.0,18241.0,5847.0,1567.0,378384.0,1827.0,783.0,0.0,2424.0,7160.0,16571.0,25645.0,1362.0,791.0,1076.0,3036.0,1952.0,2795.0,0.0,847.0,2933.0,19292.0,486.0,8741.0,0.0,3774.0,23144.0,0.0,0.0,9380.0,562.0,16887.0,31390.0,12094.0,0.0,1.0,585.0,11451.0,1668.0,12224.0,280.0
2017-08,19733.0,247.0,6733.0,3313.0,59528.0,5219.0,5896.0,288.0,19.0,18362.0,15046.0,0.0,1077.0,4736.0,17053.0,15664.0,6094.0,1642.0,376016.0,2450.0,1109.0,0.0,2629.0,8288.0,18347.0,28449.0,1703.0,897.0,1230.0,3180.0,1788.0,2065.0,0.0,1183.0,2952.0,23051.0,444.0,10264.0,0.0,3993.0,24329.0,0.0,0.0,12255.0,737.0,14548.0,22971.0,15013.0,0.0,81.0,2220.0,12068.0,2028.0,12647.0,408.0
2017-07,18042.0,222.0,5606.0,2564.0,52610.0,4392.0,6387.0,305.0,19.0,16978.0,14623.0,0.0,1107.0,4539.0,13652.0,19386.0,5099.0,3667.0,374603.0,1930.0,390.0,0.0,2025.0,6185.0,15464.0,27018.0,1506.0,716.0,1043.0,2656.0,1805.0,1451.0,0.0,1009.0,2315.0,20102.0,496.0,9440.0,0.0,3998.0,23669.0,0.0,0.0,11585.0,1138.0,19766.0,19006.0,11902.0,0.0,103.0,1139.0,10910.0,1798.0,10275.0,279.0
2017-06,19508.0,242.0,6505.0,3033.0,60142.0,4920.0,8290.0,533.0,17.0,18831.0,15591.0,0.0,1082.0,11559.0,14883.0,19163.0,5638.0,2400.0,373842.0,2011.0,567.0,0.0,2477.0,7347.0,17225.0,29559.0,1783.0,730.0,1518.0,2799.0,2895.0,1659.0,0.0,1140.0,2602.0,23048.0,1159.0,11147.0,0.0,4087.0,22674.0,0.0,0.0,13761.0,1266.0,16722.0,23877.0,14721.0,0.0,126.0,728.0,12964.0,1889.0,11645.0,350.0
2017-05,18538.0,247.0,6628.0,4137.0,58722.0,5408.0,8101.0,863.0,10.0,19014.0,14860.0,0.0,1114.0,4933.0,14857.0,24235.0,6872.0,1933.0,374078.0,1574.0,751.0,0.0,2378.0,8372.0,20040.0,38515.0,1743.0,685.0,1460.0,3517.0,2017.0,1503.0,0.0,1183.0,3224.0,24726.0,1017.0,13712.0,0.0,3978.0,24962.0,0.0,0.0,14550.0,1331.0,23584.0,24168.0,16351.0,0.0,55.0,1148.0,14176.0,2141.0,13117.0,435.0
2017-04,17958.0,289.0,7385.0,3158.0,58147.0,5576.0,7557.0,689.0,35.0,22072.0,14464.0,0.0,885.0,6062.0,15405.0,27978.0,9542.0,3189.0,372852.0,2387.0,557.0,0.0,3126.0,7867.0,19168.0,44204.0,1758.0,815.0,1494.0,3869.0,2016.0,1706.0,0.0,1350.0,2879.0,24568.0,1434.0,14485.0,0.0,1830.0,24949.0,0.0,0.0,12113.0,1191.0,22073.0,21593.0,14872.0,0.0,81.0,1074.0,13564.0,2267.0,14511.0,382.0
2017-03,27666.0,362.0,9556.0,4775.0,65892.0,7030.0,8575.0,835.0,24.0,26986.0,23394.0,0.0,1086.0,5620.0,911.0,33324.0,16295.0,2492.0,370113.0,2963.0,949.0,0.0,4056.0,9541.0,25819.0,48301.0,2558.0,1253.0,2182.0,5011.0,3754.0,2480.0,0.0,1467.0,3138.0,34178.0,1614.0,17130.0,0.0,1638.0,32238.0,0.0,0.0,19015.0,1773.0,27766.0,33412.0,17259.0,0.0,64.0,529.0,16813.0,2951.0,20393.0,534.0
2017-02,23900.0,137.0,7938.0,3220.0,56533.0,6447.0,6436.0,692.0,25.0,23617.0,18666.0,0.0,1035.0,5342.0,11166.0,92422.0,12039.0,3179.0,283492.0,3184.0,696.0,0.0,3812.0,8255.0,21600.0,38315.0,1966.0,1001.0,1911.0,4867.0,2158.0,2855.0,0.0,1230.0,2794.0,29573.0,1764.0,12784.0,0.0,972.0,27792.0,0.0,0.0,17148.0,1662.0,19252.0,23960.0,14815.0,0.0,72.0,838.0,13432.0,2274.0,18733.0,330.0
2017-01,25093.0,185.0,8117.0,2512.0,62397.0,5619.0,6706.0,736.0,6.0,21675.0,20369.0,0.0,864.0,4469.0,23670.0,45206.0,12527.0,2643.0,325954.0,5210.0,692.0,0.0,3214.0,10394.0,20253.0,66895.0,1914.0,975.0,1859.0,4237.0,2518.0,3583.0,0.0,980.0,3479.0,29898.0,1315.0,11790.0,0.0,1097.0,30105.0,0.0,0.0,13868.0,1695.0,45857.0,28501.0,11312.0,0.0,61.0,846.0,14089.0,2063.0,24323.0,449.0
2016-12,26996.0,254.0,8900.0,3294.0,61808.0,5333.0,6527.0,320.0,4.0,24096.0,16891.0,0.0,1139.0,3292.0,17509.0,40729.0,12486.0,1368.0,358510.0,6268.0,442.0,0.0,3687.0,8192.0,17469.0,32841.0,1771.0,1167.0,1408.0,4704.0,2216.0,3160.0,0.0,1079.0,2469.0,29463.0,1189.0,11781.0,0.0,777.0,28180.0,0.0,0.0,9634.0,1238.0,5124.0,24494.0,12544.0,0.0,47.0,1145.0,14178.0,1465.0,24129.0,437.0
2016-11,22628.0,254.0,8398.0,2755.0,53278.0,7129.0,6766.0,261.0,1.0,25377.0,19019.0,0.0,1347.0,1660.0,26250.0,40805.0,12788.0,2459.0,297507.0,2928.0,533.0,0.0,2214.0,9009.0,20528.0,32676.0,2052.0,1504.0,1621.0,5008.0,2595.0,3814.0,0.0,1019.0,3702.0,29034.0,720.0,12670.0,0.0,831.0,30800.0,0.0,0.0,12216.0,1501.0,17474.0,23199.0,13500.0,0.0,54.0,695.0,13926.0,1786.0,26474.0,393.0
2016-10,22979.0,336.0,8072.0,4005.0,60578.0,4751.0,6827.0,1317.0,0.0,23891.0,17189.0,0.0,1268.0,2895.0,20563.0,30950.0,10955.0,2283.0,354387.0,3103.0,567.0,0.0,2866.0,8761.0,18470.0,38403.0,2004.0,1921.0,1523.0,4705.0,1726.0,4062.0,0.0,883.0,3941.0,26407.0,676.0,12693.0,0.0,787.0,29248.0,0.0,0.0,11817.0,1629.0,12980.0,34700.0,13883.0,0.0,37.0,816.0,15570.0,1937.0,28980.0,534.0
2016-09,22014.0,306.0,8641.0,3300.0,62196.0,5593.0,6953.0,291.0,0.0,24431.0,14745.0,0.0,1237.0,2726.0,17365.0,30423.0,9095.0,1748.0,276744.0,2914.0,660.0,0.0,2659.0,8095.0,15152.0,30783.0,2554.0,2907.0,1355.0,3682.0,2386.0,4131.0,0.0,927.0,4362.0,25994.0,819.0,11166.0,0.0,114.0,26936.0,0.0,0.0,10337.0,1335.0,11512.0,29142.0,11262.0,0.0,42.0,804.0,12021.0,1686.0,30268.0,699.0
2016-08,22987.0,183.0,8752.0,5990.0,75535.0,6238.0,13217.0,705.0,2.0,31652.0,18136.0,0.0,1298.0,2919.0,17735.0,44252.0,9861.0,1581.0,9579.0,3231.0,615.0,0.0,2761.0,8977.0,16743.0,28620.0,2524.0,5318.0,1483.0,4257.0,2256.0,3629.0,0.0,1141.0,4135.0,28076.0,1216.0,13656.0,0.0,71.0,27897.0,0.0,0.0,13000.0,1259.0,18828.0,25803.0,13405.0,0.0,55.0,776.0,14063.0,1948.0,25551.0,906.0
2016-07,27765.0,215.0,7863.0,4116.0,77962.0,6372.0,14156.0,755.0,0.0,28106.0,20555.0,0.0,1563.0,3606.0,125075.0,53844.0,9391.0,1320.0,342858.0,2595.0,540.0,0.0,2383.0,7091.0,15869.0,22422.0,1913.0,6903.0,1356.0,3629.0,2497.0,3882.0,0.0,1103.0,3738.0,25408.0,1305.0,11762.0,0.0,21.0,26819.0,0.0,0.0,14025.0,1179.0,1915.0,24634.0,9754.0,0.0,81.0,1102.0,14111.0,1992.0,14505.0,597.0
2016-06,24802.0,290.0,6371.0,5233.0,81628.0,5283.0,17183.0,1188.0,23.0,28462.0,16995.0,0.0,1743.0,4079.0,128545.0,61071.0,9899.0,890.0,340735.0,2088.0,763.0,0.0,2132.0,7045.0,15883.0,27062.0,1996.0,7958.0,1614.0,3890.0,2645.0,3728.0,0.0,1202.0,4257.0,26567.0,2462.0,13236.0,0.0,48.0,23639.0,0.0,0.0,12286.0,1155.0,2123.0,23267.0,19677.0,0.0,74.0,985.0,13202.0,1822.0,5459.0,509.0
2016-05,20092.0,253.0,6941.0,5452.0,91841.0,6924.0,15718.0,1255.0,57.0,27235.0,13787.0,0.0,1314.0,1139.0,91026.0,91807.0,10729.0,1006.0,305018.0,2376.0,568.0,0.0,2567.0,7114.0,18750.0,24146.0,1981.0,9606.0,1490.0,3394.0,2624.0,3719.0,0.0,1666.0,4053.0,25228.0,1319.0,14797.0,0.0,28.0,20806.0,0.0,0.0,11329.0,922.0,2564.0,25496.0,16748.0,0.0,84.0,943.0,12459.0,1939.0,6549.0,868.0
2016-04,20959.0,298.0,7230.0,5825.0,93023.0,8900.0,16609.0,848.0,11.0,27570.0,16847.0,0.0,1452.0,2400.0,117410.0,91355.0,12650.0,1392.0,285372.0,2192.0,656.0,0.0,3361.0,7414.0,24885.0,30337.0,1416.0,12050.0,1771.0,4353.0,2958.0,3602.0,0.0,1619.0,4181.0,27505.0,765.0,16083.0,0.0,24.0,24297.0,0.0,0.0,14347.0,1114.0,4151.0,38061.0,22419.0,0.0,59.0,415.0,34121.0,2323.0,8256.0,785.0
2016-03,27829.0,256.0,8078.0,7649.0,117206.0,11129.0,16727.0,690.0,5.0,34627.0,24301.0,0.0,1468.0,4411.0,132757.0,107510.0,20031.0,1857.0,294755.0,1937.0,704.0,0.0,3898.0,9327.0,30175.0,29378.0,1740.0,17076.0,2372.0,6108.0,3373.0,4769.0,0.0,1165.0,5302.0,34897.0,1208.0,19568.0,0.0,69.0,31577.0,0.0,0.0,17408.0,1448.0,2578.0,48497.0,21789.0,0.0,67.0,828.0,89199.0,3003.0,10344.0,700.0
2016-02,24746.0,284.0,4627.0,4167.0,134211.0,9004.0,14261.0,415.0,14.0,33181.0,24137.0,0.0,1419.0,4934.0,125089.0,170646.0,20356.0,1711.0,229733.0,2686.0,438.0,0.0,4039.0,7944.0,29353.0,25678.0,1171.0,13121.0,2279.0,6096.0,3288.0,4044.0,0.0,1576.0,4971.0,33753.0,761.0,16201.0,0.0,88.0,29651.0,0.0,0.0,12817.0,1627.0,12348.0,56900.0,12927.0,0.0,86.0,784.0,15736.0,3527.0,9420.0,551.0
2016-01,27242.0,192.0,3898.0,3670.0,127715.0,8431.0,14005.0,395.0,27.0,28458.0,30513.0,0.0,1379.0,4025.0,143606.0,183520.0,23600.0,1787.0,277415.0,2823.0,500.0,0.0,3458.0,8547.0,27885.0,27969.0,1442.0,11441.0,2240.0,8560.0,2386.0,5807.0,0.0,769.0,4535.0,33032.0,800.0,13836.0,0.0,45.0,33905.0,0.0,0.0,10212.0,1872.0,14485.0,36269.0,10485.0,0.0,73.0,524.0,19688.0,3378.0,9496.0,959.0
2015-12,31359.0,245.0,2940.0,4076.0,119166.0,3265.0,12190.0,297.0,16.0,25044.0,30391.0,0.0,1642.0,2338.0,122900.0,139460.0,19621.0,1349.0,258154.0,2023.0,360.0,0.0,2459.0,7297.0,30983.0,30209.0,1381.0,9228.0,1865.0,9569.0,2790.0,5546.0,0.0,621.0,3366.0,36332.0,580.0,13879.0,0.0,50.0,44433.0,0.0,0.0,7466.0,1569.0,10092.0,33163.0,12413.0,0.0,79.0,228.0,18190.0,3377.0,8126.0,512.0
2015-11,18870.0,209.0,2303.0,3298.0,98452.0,4144.0,9631.0,204.0,8.0,15907.0,14111.0,0.0,1248.0,1944.0,87190.0,81935.0,8785.0,894.0,264140.0,1945.0,299.0,0.0,1512.0,5214.0,16786.0,18939.0,618.0,5884.0,852.0,4258.0,1543.0,3630.0,0.0,829.0,2906.0,22469.0,453.0,9338.0,0.0,35.0,24136.0,0.0,0.0,7284.0,819.0,9509.0,21550.0,10429.0,0.0,93.0,622.0,10314.0,2217.0,5867.0,383.0
2015-10,21958.0,212.0,4502.0,4813.0,94134.0,3732.0,10222.0,218.0,4.0,17963.0,14406.0,0.0,1378.0,1982.0,63534.0,65285.0,7078.0,1175.0,250325.0,3099.0,376.0,0.0,1914.0,4960.0,16387.0,21361.0,789.0,6768.0,1077.0,3916.0,1667.0,3199.0,0.0,726.0,3803.0,23356.0,577.0,9017.0,0.0,47.0,20840.0,0.0,0.0,7517.0,766.0,8033.0,23495.0,11112.0,0.0,79.0,369.0,11387.0,2354.0,5158.0,700.0
2015-09,20999.0,184.0,4161.0,6286.0,64698.0,4151.0,9713.0,267.0,0.0,16270.0,14837.0,0.0,1267.0,1851.0,63566.0,53051.0,7036.0,1104.0,241368.0,2620.0,471.0,0.0,1140.0,4632.0,27076.0,19575.0,953.0,6212.0,967.0,3157.0,2204.0,2963.0,0.0,881.0,3639.0,23350.0,492.0,8942.0,0.0,94.0,18607.0,0.0,0.0,6630.0,708.0,15240.0,20733.0,14323.0,0.0,107.0,553.0,10517.0,2109.0,4610.0,484.0
2015-08,25643.0,236.0,4687.0,6794.0,59988.0,5851.0,9522.0,338.0,0.0,17140.0,14217.0,0.0,1173.0,1708.0,64498.0,35816.0,6064.0,1222.0,266788.0,1974.0,491.0,0.0,1202.0,4469.0,14223.0,18855.0,826.0,6121.0,897.0,3215.0,1550.0,3035.0,0.0,736.0,3074.0,21906.0,551.0,8706.0,0.0,15.0,19070.0,0.0,0.0,7084.0,684.0,9774.0,24521.0,12489.0,0.0,79.0,364.0,9054.0,2266.0,4398.0,638.0
2015-07,22960.0,171.0,4262.0,5128.0,67429.0,2727.0,10365.0,470.0,0.0,15769.0,15820.0,0.0,1155.0,1822.0,66883.0,26099.0,6577.0,1271.0,201788.0,1361.0,609.0,0.0,1620.0,4814.0,15819.0,16325.0,1036.0,6079.0,911.0,3055.0,1723.0,3059.0,0.0,783.0,2843.0,22174.0,804.0,8956.0,0.0,18.0,19538.0,0.0,0.0,8984.0,757.0,21886.0,21479.0,10691.0,0.0,126.0,624.0,8993.0,2262.0,4367.0,542.0
2015-06,16801.0,291.0,4728.0,3873.0,51944.0,4241.0,11856.0,436.0,0.0,15397.0,13230.0,0.0,1209.0,2849.0,53952.0,37734.0,5452.0,1415.0,225599.0,1253.0,626.0,0.0,1821.0,4456.0,14561.0,18144.0,729.0,6929.0,904.0,2903.0,2305.0,3609.0,0.0,640.0,3222.0,19637.0,808.0,9361.0,0.0,31.0,17846.0,0.0,0.0,6565.0,595.0,12888.0,21211.0,14428.0,0.0,75.0,504.0,7915.0,2003.0,4287.0,764.0
2015-05,15495.0,203.0,4719.0,4750.0,53467.0,4338.0,11817.0,748.0,0.0,13949.0,11956.0,0.0,1142.0,2533.0,47092.0,38129.0,5573.0,1829.0,255314.0,1805.0,548.0,0.0,1155.0,4692.0,16080.0,20670.0,669.0,6510.0,892.0,2841.0,2363.0,4144.0,0.0,732.0,2788.0,18448.0,500.0,10082.0,0.0,33.0,16899.0,0.0,0.0,6173.0,626.0,10582.0,21646.0,11653.0,0.0,101.0,846.0,8106.0,2272.0,4783.0,493.0
2015-04,17623.0,242.0,4046.0,4927.0,48166.0,5034.0,13294.0,546.0,0.0,16049.0,13765.0,0.0,1327.0,3119.0,88841.0,38811.0,8656.0,2574.0,234945.0,1599.0,0.0,0.0,1773.0,5865.0,17298.0,22700.0,876.0,7944.0,1148.0,3521.0,2604.0,3373.0,0.0,916.0,3186.0,22434.0,677.0,12671.0,0.0,20.0,21161.0,0.0,0.0,8009.0,720.0,13585.0,21605.0,13427.0,0.0,90.0,658.0,9867.0,3212.0,6576.0,559.0
2015-03,21726.0,255.0,4107.0,4650.0,126134.0,3710.0,13911.0,500.0,0.0,17066.0,18105.0,0.0,1344.0,3323.0,68243.0,44831.0,11320.0,2514.0,258825.0,1589.0,0.0,0.0,1800.0,5379.0,17994.0,27319.0,1167.0,9321.0,1266.0,4531.0,2226.0,3529.0,0.0,834.0,4253.0,27047.0,751.0,4378.0,0.0,97.0,24290.0,0.0,0.0,7695.0,1115.0,1967.0,23183.0,15127.0,0.0,84.0,389.0,11525.0,6320.0,7023.0,659.0
2015-02,16692.0,238.0,3728.0,3025.0,42920.0,4142.0,10345.0,104.0,0.0,16779.0,16436.0,0.0,1193.0,2841.0,48310.0,43228.0,13054.0,2233.0,167767.0,6327.0,0.0,0.0,1103.0,3811.0,14368.0,19155.0,771.0,7327.0,1109.0,4269.0,2021.0,2190.0,0.0,748.0,2886.0,24718.0,433.0,2.0,0.0,51.0,20284.0,0.0,0.0,6678.0,569.0,8703.0,17042.0,11420.0,0.0,102.0,492.0,10199.0,1692.0,5432.0,546.0
2015-01,16077.0,196.0,3690.0,3896.0,47134.0,3404.0,10699.0,392.0,0.0,13798.0,15535.0,0.0,1188.0,2719.0,63009.0,34934.0,9736.0,2300.0,298959.0,43.0,0.0,0.0,1623.0,4937.0,15459.0,20089.0,837.0,7340.0,943.0,3915.0,2061.0,2940.0,0.0,471.0,3923.0,23597.0,689.0,0.0,0.0,62.0,20519.0,0.0,0.0,6266.0,0.0,19362.0,18530.0,12100.0,0.0,67.0,379.0,10516.0,1450.0,4614.0,394.0
2014-12,16469.0,212.0,3892.0,3675.0,41907.0,4623.0,10560.0,226.0,0.0,12339.0,12759.0,0.0,1389.0,2545.0,101641.0,27509.0,8371.0,2328.0,259142.0,26.0,0.0,0.0,933.0,5009.0,13920.0,19221.0,607.0,6542.0,850.0,4142.0,2029.0,2938.0,0.0,825.0,2978.0,22263.0,408.0,0.0,0.0,67.0,20786.0,0.0,0.0,5846.0,1.0,11115.0,18336.0,12359.0,0.0,81.0,212.0,10625.0,1069.0,3724.0,363.0
2014-11,11509.0,250.0,3705.0,3982.0,48671.0,2807.0,9193.0,97.0,0.0,10477.0,9808.0,0.0,1078.0,2126.0,66164.0,96876.0,5596.0,1607.0,54751.0,4.0,0.0,0.0,886.0,4647.0,12590.0,16885.0,706.0,5189.0,663.0,3041.0,951.0,2484.0,0.0,623.0,3233.0,16716.0,361.0,0.0,0.0,52.0,16515.0,0.0,0.0,4590.0,2.0,8312.0,15978.0,9212.0,0.0,80.0,208.0,9260.0,780.0,4299.0,511.0
2014-10,15305.0,218.0,4094.0,4214.0,50300.0,4362.0,10783.0,128.0,0.0,14077.0,13571.0,0.0,1330.0,2888.0,70325.0,47593.0,6822.0,2200.0,6049.0,0.0,0.0,0.0,1285.0,5639.0,16955.0,18322.0,760.0,6337.0,1112.0,3741.0,1211.0,3392.0,0.0,971.0,3703.0,20331.0,463.0,0.0,0.0,25.0,22166.0,0.0,0.0,6472.0,8.0,7403.0,19667.0,9097.0,0.0,99.0,203.0,10635.0,1024.0,5280.0,541.0
2014-09,14261.0,217.0,4108.0,2787.0,48291.0,3266.0,10512.0,94.0,0.0,11525.0,11240.0,0.0,1153.0,2454.0,88071.0,6439.0,5545.0,1939.0,60765.0,0.0,0.0,0.0,1045.0,5455.0,16646.0,17953.0,818.0,5133.0,881.0,3191.0,1475.0,2897.0,0.0,1030.0,3488.0,17095.0,298.0,0.0,0.0,66.0,20044.0,0.0,0.0,5486.0,1.0,6139.0,16930.0,9956.0,0.0,100.0,109.0,8868.0,824.0,3991.0,627.0
2014-08,14823.0,190.0,6743.0,3028.0,45625.0,4055.0,7758.0,238.0,0.0,11081.0,11493.0,0.0,1130.0,2709.0,62282.0,7583.0,5476.0,1418.0,213126.0,0.0,0.0,0.0,960.0,5807.0,13597.0,17989.0,634.0,4586.0,835.0,2681.0,1400.0,2811.0,0.0,745.0,5904.0,16602.0,549.0,0.0,0.0,31.0,18353.0,0.0,0.0,6875.0,0.0,7569.0,16910.0,12958.0,0.0,119.0,0.0,7650.0,948.0,3164.0,575.0
2014-07,17430.0,237.0,4401.0,2834.0,40766.0,4049.0,6897.0,181.0,0.0,12265.0,13895.0,0.0,1291.0,2363.0,60504.0,7651.0,5737.0,1644.0,232847.0,0.0,0.0,0.0,1065.0,6138.0,14814.0,19088.0,573.0,4364.0,811.0,2271.0,1598.0,2668.0,0.0,718.0,9454.0,17153.0,774.0,0.0,0.0,7.0,18465.0,0.0,0.0,7170.0,7.0,7937.0,19340.0,14170.0,0.0,43.0,0.0,8973.0,873.0,3107.0,544.0
2014-06,15440.0,228.0,5140.0,3822.0,39245.0,3583.0,7260.0,194.0,0.0,13789.0,10963.0,0.0,1210.0,3254.0,87691.0,7644.0,6704.0,1582.0,199326.0,0.0,0.0,0.0,986.0,6951.0,14346.0,20821.0,547.0,3729.0,865.0,2226.0,2101.0,2691.0,0.0,795.0,6899.0,18553.0,636.0,0.0,0.0,39.0,16933.0,0.0,0.0,7923.0,2.0,7435.0,16019.0,17714.0,0.0,83.0,0.0,9081.0,785.0,3528.0,801.0
2014-05,16215.0,274.0,6529.0,6299.0,50964.0,5543.0,7632.0,301.0,0.0,18764.0,12827.0,0.0,1155.0,2327.0,64832.0,9559.0,6278.0,1675.0,214214.0,0.0,0.0,0.0,1199.0,6618.0,14896.0,18283.0,582.0,3880.0,956.0,2534.0,1779.0,3393.0,0.0,691.0,6387.0,20461.0,815.0,0.0,0.0,40.0,18372.0,0.0,0.0,8671.0,5.0,7199.0,17072.0,20462.0,0.0,82.0,0.0,12897.0,911.0,4159.0,931.0
2014-04,17498.0,345.0,5848.0,4526.0,58879.0,6343.0,13030.0,288.0,0.0,31586.0,15172.0,0.0,1597.0,3337.0,72734.0,12335.0,7746.0,2032.0,255799.0,0.0,0.0,0.0,1804.0,7412.0,16595.0,23552.0,785.0,5066.0,1312.0,3488.0,1999.0,4018.0,0.0,743.0,19290.0,44082.0,881.0,0.0,0.0,20.0,22034.0,0.0,0.0,6671.0,9.0,7903.0,18481.0,23149.0,0.0,77.0,0.0,18752.0,1150.0,5940.0,617.0
2014-03,21849.0,259.0,3704.0,4992.0,52153.0,4661.0,17496.0,334.0,0.0,32405.0,16042.0,0.0,1333.0,5538.0,102752.0,12438.0,9748.0,2493.0,257321.0,0.0,0.0,0.0,2843.0,9160.0,16900.0,25822.0,758.0,5224.0,1270.0,4128.0,2428.0,3631.0,0.0,715.0,7078.0,522188.0,583.0,0.0,0.0,106.0,25102.0,0.0,0.0,9518.0,8.0,7488.0,26007.0,14828.0,0.0,90.0,0.0,12531.0,1336.0,6122.0,523.0
2014-02,21593.0,115.0,3487.0,3910.0,36848.0,4949.0,12879.0,326.0,0.0,20119.0,14467.0,0.0,1222.0,2266.0,78016.0,12042.0,9818.0,1737.0,227921.0,0.0,0.0,0.0,2983.0,7997.0,12488.0,20865.0,808.0,4154.0,950.0,3945.0,2261.0,2718.0,0.0,586.0,4043.0,199748.0,1291.0,0.0,0.0,38.0,19168.0,0.0,0.0,6641.0,5.0,10826.0,26564.0,12811.0,0.0,88.0,0.0,10915.0,942.0,4910.0,508.0
2014-01,21881.0,169.0,4382.0,4330.0,33962.0,6273.0,16334.0,61.0,0.0,16053.0,14232.0,0.0,1337.0,1923.0,89150.0,11324.0,10269.0,1706.0,240641.0,0.0,0.0,0.0,3090.0,9297.0,14010.0,18556.0,688.0,3987.0,999.0,3945.0,1994.0,3182.0,0.0,443.0,4196.0,24661.0,1205.0,0.0,0.0,47.0,21228.0,0.0,0.0,7415.0,0.0,13942.0,39851.0,15423.0,0.0,111.0,0.0,11997.0,770.0,4486.0,505.0
2013-12,21065.0,155.0,3482.0,2811.0,32778.0,3148.0,12013.0,98.0,0.0,12672.0,12437.0,0.0,1401.0,2236.0,47020.0,9562.0,6619.0,1816.0,197781.0,0.0,0.0,0.0,2582.0,7829.0,10790.0,16414.0,657.0,3323.0,687.0,3976.0,1928.0,2431.0,0.0,717.0,2828.0,24231.0,482.0,0.0,0.0,44.0,18894.0,0.0,0.0,4912.0,1.0,9866.0,15969.0,11736.0,0.0,58.0,0.0,9698.0,568.0,3929.0,582.0
2013-11,15409.0,253.0,3580.0,2971.0,33427.0,4029.0,13763.0,80.0,0.0,11371.0,10446.0,0.0,1103.0,1670.0,51259.0,11046.0,6490.0,1338.0,179357.0,0.0,0.0,0.0,2306.0,9537.0,12196.0,14604.0,595.0,3222.0,699.0,2946.0,1403.0,2499.0,0.0,701.0,2131.0,21573.0,1289.0,0.0,0.0,61.0,18342.0,0.0,0.0,4849.0,1.0,8815.0,16185.0,11516.0,0.0,74.0,0.0,8822.0,400.0,4959.0,342.0
2013-10,18118.0,204.0,4487.0,2696.0,45148.0,5462.0,12550.0,170.0,0.0,15620.0,11367.0,0.0,1325.0,2091.0,69461.0,12492.0,7659.0,1428.0,182023.0,0.0,0.0,0.0,775.0,11426.0,17310.0,16477.0,611.0,3818.0,1092.0,3499.0,1682.0,3380.0,0.0,844.0,1748.0,18592.0,1243.0,0.0,0.0,19.0,20253.0,0.0,0.0,5627.0,1.0,9869.0,26877.0,10647.0,0.0,73.0,0.0,10334.0,357.0,6060.0,366.0
2013-09,16722.0,176.0,4013.0,2518.0,36741.0,4764.0,13090.0,231.0,0.0,14714.0,10731.0,0.0,1196.0,2050.0,40089.0,12443.0,7423.0,1930.0,35823.0,0.0,0.0,0.0,1136.0,11461.0,13994.0,15399.0,530.0,3569.0,911.0,2960.0,1399.0,3190.0,0.0,693.0,1842.0,16506.0,675.0,0.0,0.0,51.0,17132.0,0.0,0.0,6602.0,3.0,10865.0,17342.0,12193.0,0.0,73.0,0.0,8652.0,221.0,5188.0,481.0
2013-08,17470.0,207.0,8204.0,8798.0,39311.0,9508.0,14977.0,184.0,0.0,18883.0,11372.0,0.0,1283.0,2172.0,55088.0,20615.0,5715.0,2762.0,7118.0,0.0,0.0,0.0,64.0,12954.0,15044.0,14625.0,616.0,3392.0,1124.0,3152.0,1511.0,2554.0,0.0,710.0,2164.0,17404.0,801.0,0.0,0.0,16.0,17850.0,0.0,0.0,9712.0,9.0,7673.0,18131.0,24473.0,0.0,79.0,0.0,8890.0,332.0,4605.0,357.0
2013-07,4632.0,175.0,8382.0,11562.0,38286.0,20021.0,15391.0,223.0,0.0,19829.0,11798.0,0.0,1260.0,2506.0,55624.0,27949.0,4991.0,4288.0,12941.0,0.0,0.0,0.0,43.0,13753.0,14353.0,15097.0,622.0,4690.0,1269.0,2690.0,1755.0,2721.0,0.0,967.0,1896.0,19239.0,1390.0,0.0,0.0,19.0,17521.0,0.0,0.0,10917.0,0.0,7609.0,21851.0,23493.0,0.0,48.0,0.0,8847.0,214.0,4869.0,581.0
2013-06,1861.0,250.0,8379.0,6563.0,43693.0,9377.0,14252.0,291.0,0.0,17871.0,9392.0,0.0,1145.0,2293.0,79126.0,15786.0,6450.0,3273.0,12923.0,0.0,0.0,0.0,0.0,11387.0,13822.0,13630.0,532.0,4416.0,1016.0,2779.0,1938.0,2676.0,0.0,861.0,2451.0,18140.0,1029.0,0.0,0.0,34.0,16187.0,0.0,0.0,8982.0,2.0,10615.0,19686.0,21599.0,0.0,59.0,0.0,9316.0,294.0,3535.0,881.0
2013-05,2017.0,271.0,7588.0,5704.0,42804.0,8990.0,14264.0,360.0,0.0,27298.0,12425.0,0.0,1322.0,3139.0,80948.0,14073.0,7502.0,7194.0,5897.0,0.0,0.0,0.0,1.0,12158.0,15804.0,20650.0,706.0,5972.0,1455.0,3995.0,2302.0,4590.0,0.0,1588.0,2518.0,22157.0,1458.0,0.0,0.0,23.0,20864.0,0.0,0.0,9441.0,0.0,12435.0,21953.0,27875.0,0.0,60.0,0.0,11878.0,510.0,7046.0,758.0
2013-04,672.0,328.0,8830.0,7066.0,32066.0,6788.0,15251.0,314.0,0.0,29479.0,15918.0,0.0,1753.0,4341.0,98095.0,18389.0,12545.0,5006.0,15448.0,0.0,0.0,0.0,176.0,13170.0,22348.0,23538.0,836.0,8023.0,1733.0,5707.0,3645.0,4899.0,0.0,1298.0,2706.0,28195.0,1304.0,0.0,0.0,40.0,26218.0,0.0,0.0,10125.0,2.0,11113.0,29885.0,22113.0,0.0,85.0,0.0,15106.0,677.0,11117.0,876.0
2013-03,679.0,255.0,8288.0,6472.0,29750.0,10289.0,13901.0,64.0,0.0,0.0,19191.0,0.0,1564.0,4820.0,93378.0,12834.0,14410.0,2116.0,210474.0,0.0,0.0,0.0,116.0,13484.0,22430.0,25310.0,1032.0,9608.0,2058.0,7750.0,2966.0,4269.0,0.0,1620.0,2800.0,32790.0,1103.0,0.0,0.0,115.0,29573.0,0.0,0.0,10645.0,7.0,12700.0,32693.0,20526.0,0.0,253.0,0.0,19337.0,665.0,12264.0,787.0
2013-02,738.0,179.0,5861.0,4559.0,23358.0,3582.0,10461.0,15.0,0.0,0.0,23389.0,0.0,1803.0,5180.0,83806.0,10011.0,15868.0,1787.0,205714.0,0.0,0.0,0.0,8.0,11361.0,20254.0,24632.0,1135.0,6591.0,1997.0,6567.0,2771.0,4234.0,0.0,1138.0,2486.0,41227.0,979.0,0.0,0.0,71.0,31277.0,0.0,0.0,11168.0,0.0,13110.0,37366.0,15194.0,0.0,0.0,0.0,19602.0,749.0,13396.0,628.0
2013-01,848.0,116.0,4954.0,4714.0,26591.0,3324.0,13192.0,10.0,0.0,0.0,27940.0,0.0,2260.0,4925.0,94721.0,8353.0,19235.0,2298.0,203214.0,0.0,0.0,0.0,0.0,15008.0,22567.0,30700.0,896.0,6121.0,2663.0,10876.0,2578.0,6362.0,0.0,860.0,2935.0,42040.0,1173.0,0.0,0.0,66.0,41617.0,0.0,0.0,9893.0,0.0,9601.0,19093.0,12829.0,0.0,0.0,0.0,22087.0,615.0,15439.0,362.0
2012-12,777.0,0.0,4074.0,3757.0,25144.0,2399.0,10403.0,7.0,0.0,0.0,14710.0,0.0,2014.0,2423.0,53218.0,7578.0,10863.0,1587.0,208969.0,0.0,0.0,0.0,4.0,11343.0,24411.0,20683.0,367.0,3425.0,1285.0,8300.0,2053.0,3722.0,0.0,607.0,2317.0,25445.0,650.0,0.0,0.0,81.0,27017.0,0.0,0.0,4575.0,0.0,8429.0,12389.0,9722.0,0.0,0.0,0.0,13496.0,271.0,9627.0,232.0
2012-11,435.0,1.0,4477.0,3361.0,27231.0,3007.0,9823.0,13.0,0.0,0.0,9246.0,0.0,1622.0,2017.0,51530.0,4124.0,8611.0,1458.0,185005.0,0.0,0.0,0.0,2.0,11588.0,20493.0,14262.0,289.0,3042.0,831.0,4950.0,1625.0,2472.0,0.0,840.0,2315.0,19178.0,683.0,0.0,0.0,33.0,21226.0,0.0,0.0,4895.0,0.0,8182.0,13692.0,10641.0,0.0,0.0,0.0,10661.0,270.0,8089.0,306.0
2012-10,511.0,2.0,3982.0,4177.0,29124.0,4225.0,9006.0,16.0,0.0,0.0,10188.0,0.0,1569.0,2285.0,49184.0,6449.0,7158.0,1522.0,195917.0,0.0,0.0,0.0,5.0,10918.0,19781.0,13056.0,405.0,3674.0,1007.0,4007.0,1877.0,2737.0,0.0,1144.0,1689.0,18364.0,928.0,0.0,0.0,36.0,21475.0,0.0,0.0,5573.0,0.0,5467.0,13933.0,12489.0,0.0,0.0,0.0,11762.0,229.0,9519.0,359.0
2012-09,421.0,3.0,5147.0,3799.0,22200.0,3437.0,8264.0,0.0,0.0,0.0,8164.0,0.0,1334.0,1779.0,45837.0,5584.0,5352.0,1095.0,194898.0,0.0,0.0,0.0,0.0,10529.0,16637.0,12011.0,366.0,2898.0,752.0,3095.0,1034.0,2370.0,0.0,436.0,2185.0,15111.0,619.0,0.0,0.0,44.0,18775.0,0.0,0.0,5529.0,0.0,4956.0,11425.0,9595.0,0.0,0.0,0.0,9647.0,308.0,7616.0,226.0
2012-08,542.0,60.0,5656.0,2711.0,25118.0,3563.0,9722.0,0.0,0.0,0.0,9914.0,0.0,1426.0,2157.0,57937.0,7534.0,6876.0,1582.0,193694.0,0.0,0.0,0.0,85.0,10178.0,19047.0,13106.0,545.0,3078.0,959.0,3574.0,1958.0,2834.0,0.0,709.0,2784.0,17510.0,650.0,0.0,0.0,14.0,3014.0,0.0,0.0,6624.0,0.0,5372.0,16917.0,12767.0,0.0,0.0,0.0,10860.0,89.0,10198.0,408.0
2012-07,476.0,23.0,5238.0,2809.0,26121.0,3506.0,9371.0,0.0,0.0,0.0,8928.0,0.0,1313.0,2060.0,43809.0,6499.0,6372.0,2066.0,191827.0,0.0,0.0,0.0,1.0,8695.0,16257.0,10550.0,480.0,2804.0,990.0,2771.0,1170.0,2317.0,0.0,547.0,2166.0,15805.0,1053.0,0.0,0.0,11.0,319.0,0.0,0.0,9130.0,0.0,7955.0,14657.0,10831.0,0.0,0.0,0.0,9529.0,235.0,7218.0,321.0
2012-06,414.0,0.0,5808.0,1939.0,30722.0,2561.0,9575.0,0.0,0.0,0.0,7298.0,0.0,1260.0,1985.0,52870.0,4834.0,5136.0,1588.0,190681.0,0.0,0.0,0.0,0.0,8784.0,16666.0,12162.0,350.0,2889.0,933.0,2496.0,1251.0,3636.0,0.0,698.0,2348.0,14120.0,1661.0,0.0,0.0,23.0,295.0,0.0,0.0,9447.0,0.0,7456.0,12168.0,11577.0,0.0,0.0,0.0,10442.0,184.0,7207.0,309.0
2012-05,396.0,0.0,5088.0,1841.0,28299.0,3477.0,10556.0,0.0,0.0,0.0,9078.0,0.0,1408.0,2702.0,55892.0,9028.0,7411.0,1865.0,187970.0,0.0,0.0,0.0,1.0,9453.0,19157.0,15548.0,426.0,3459.0,936.0,2911.0,1669.0,2371.0,0.0,662.0,3325.0,17474.0,1959.0,0.0,0.0,18.0,261.0,0.0,0.0,7959.0,0.0,6391.0,13009.0,10927.0,0.0,0.0,0.0,10892.0,369.0,10437.0,355.0
2012-04,476.0,0.0,3894.0,3680.0,29961.0,4742.0,10471.0,0.0,0.0,0.0,8422.0,0.0,1599.0,2827.0,67212.0,11986.0,8134.0,1358.0,186399.0,0.0,0.0,0.0,20.0,8687.0,20773.0,16217.0,399.0,4017.0,1124.0,3372.0,2459.0,2663.0,0.0,592.0,3046.0,16909.0,1404.0,0.0,0.0,26.0,235.0,0.0,0.0,5724.0,0.0,6058.0,12043.0,11153.0,0.0,0.0,0.0,12297.0,280.0,13383.0,372.0
2012-03,596.0,0.0,6413.0,3302.0,31724.0,4787.0,11431.0,0.0,0.0,0.0,11662.0,0.0,1547.0,2808.0,72936.0,12257.0,10534.0,1203.0,185109.0,0.0,0.0,0.0,8.0,9842.0,24910.0,18431.0,493.0,4623.0,1379.0,4354.0,1672.0,2824.0,0.0,611.0,2886.0,22750.0,1745.0,0.0,0.0,65.0,280.0,0.0,0.0,6909.0,0.0,5440.0,21989.0,10779.0,0.0,0.0,0.0,12738.0,385.0,14127.0,424.0
2012-02,573.0,0.0,3002.0,2742.0,25314.0,2752.0,9696.0,0.0,0.0,0.0,11666.0,0.0,1257.0,2264.0,55426.0,9076.0,11797.0,1311.0,180668.0,0.0,0.0,0.0,39.0,8308.0,24751.0,14201.0,545.0,3485.0,1207.0,4458.0,1809.0,2630.0,0.0,754.0,2765.0,24362.0,1169.0,0.0,0.0,35.0,239.0,0.0,0.0,5497.0,0.0,5111.0,13453.0,7682.0,0.0,0.0,0.0,10962.0,148.0,16860.0,288.0
2012-01,518.0,0.0,2946.0,2372.0,23099.0,2815.0,9009.0,0.0,0.0,4.0,10964.0,0.0,1057.0,2503.0,64346.0,5044.0,10390.0,1688.0,178454.0,0.0,0.0,0.0,1.0,7171.0,19146.0,12424.0,525.0,2910.0,998.0,3996.0,1343.0,2323.0,0.0,425.0,2703.0,19968.0,642.0,0.0,0.0,45.0,257.0,0.0,0.0,5424.0,0.0,3810.0,10360.0,5689.0,0.0,2.0,0.0,9621.0,257.0,22425.0,302.0
2011-12,496.0,0.0,3119.0,2714.0,23007.0,1.0,7833.0,0.0,0.0,0.0,6833.0,0.0,1187.0,1737.0,62133.0,5267.0,8089.0,1027.0,176893.0,0.0,0.0,0.0,0.0,6960.0,17244.0,11222.0,342.0,2367.0,602.0,3947.0,1239.0,1981.0,0.0,491.0,2953.0,15879.0,1175.0,0.0,0.0,55.0,760.0,0.0,0.0,3356.0,0.0,3499.0,11735.0,9462.0,0.0,75.0,0.0,8756.0,91.0,38741.0,195.0
2011-11,386.0,0.0,2983.0,1648.0,19427.0,0.0,7533.0,0.0,0.0,2.0,6131.0,0.0,1110.0,1248.0,56320.0,5217.0,7947.0,970.0,175670.0,0.0,0.0,0.0,9.0,6660.0,14281.0,9437.0,445.0,2291.0,563.0,2926.0,1183.0,2392.0,0.0,531.0,3232.0,13378.0,864.0,0.0,1.0,46.0,196.0,0.0,0.0,3905.0,0.0,3224.0,12407.0,8940.0,0.0,74.0,0.0,8065.0,191.0,44346.0,199.0
2011-10,427.0,0.0,3813.0,1811.0,28127.0,0.0,7446.0,0.0,0.0,5.0,6552.0,0.0,1080.0,1715.0,46508.0,4966.0,7331.0,912.0,174243.0,0.0,0.0,0.0,0.0,7485.0,14192.0,8660.0,368.0,2232.0,626.0,2378.0,834.0,2007.0,0.0,392.0,2938.0,12259.0,375.0,1.0,0.0,23.0,157.0,0.0,0.0,4351.0,0.0,10913.0,14304.0,7334.0,0.0,53.0,0.0,8953.0,231.0,517.0,229.0
2011-09,408.0,0.0,2413.0,1756.0,23573.0,0.0,7494.0,0.0,0.0,0.0,6651.0,0.0,991.0,1889.0,44902.0,6165.0,6848.0,1070.0,173301.0,0.0,0.0,0.0,0.0,6952.0,15119.0,8379.0,407.0,2108.0,586.0,2375.0,1139.0,2267.0,0.0,458.0,3069.0,12120.0,364.0,0.0,0.0,42.0,168.0,0.0,0.0,4027.0,0.0,3445.0,11127.0,6228.0,0.0,38.0,0.0,7960.0,151.0,30.0,239.0
2011-08,450.0,0.0,2666.0,3422.0,25109.0,0.0,6610.0,0.0,0.0,2.0,7492.0,0.0,1186.0,1805.0,44880.0,7165.0,7350.0,1478.0,171241.0,0.0,0.0,0.0,0.0,7178.0,14639.0,9400.0,484.0,2652.0,594.0,2317.0,1106.0,2132.0,0.0,552.0,3667.0,13217.0,295.0,0.0,0.0,13.0,264.0,0.0,0.0,5400.0,0.0,4620.0,10783.0,115545.0,0.0,69.0,0.0,8169.0,197.0,66.0,360.0
2011-07,348.0,0.0,2864.0,2161.0,19266.0,0.0,7549.0,0.0,0.0,0.0,6524.0,0.0,1001.0,1510.0,41386.0,2082.0,5939.0,1370.0,169071.0,0.0,0.0,0.0,0.0,6377.0,12736.0,6737.0,376.0,1963.0,531.0,1784.0,1243.0,2200.0,0.0,632.0,2831.0,10918.0,404.0,0.0,0.0,6.0,143.0,0.0,0.0,3854.0,0.0,8077.0,12270.0,125275.0,0.0,81.0,0.0,7107.0,231.0,19.0,231.0
2011-06,402.0,0.0,2737.0,3210.0,26673.0,0.0,8546.0,0.0,0.0,0.0,7281.0,0.0,1024.0,1267.0,39691.0,6450.0,7161.0,1680.0,168982.0,0.0,0.0,0.0,0.0,6739.0,15143.0,9405.0,453.0,2149.0,542.0,1884.0,1357.0,2372.0,0.0,660.0,3349.0,12014.0,332.0,2.0,0.0,32.0,205.0,0.0,0.0,4244.0,0.0,5343.0,16669.0,111880.0,0.0,140.0,0.0,7520.0,0.0,0.0,336.0
2011-05,367.0,0.0,2170.0,3201.0,20807.0,1.0,8576.0,0.0,0.0,0.0,7002.0,0.0,1041.0,1259.0,37301.0,7484.0,9298.0,1333.0,165851.0,0.0,0.0,0.0,0.0,6994.0,17129.0,12372.0,417.0,2391.0,687.0,2041.0,1678.0,1805.0,0.0,435.0,3591.0,12226.0,412.0,0.0,0.0,28.0,214.0,0.0,0.0,4838.0,0.0,12334.0,17793.0,150913.0,0.0,82.0,0.0,8441.0,0.0,0.0,413.0
2011-04,360.0,0.0,2354.0,3239.0,26912.0,0.0,8726.0,0.0,0.0,0.0,7314.0,0.0,1025.0,1140.0,47216.0,8361.0,12477.0,895.0,164997.0,0.0,0.0,0.0,0.0,7030.0,20787.0,12712.0,392.0,2638.0,796.0,2758.0,1440.0,1949.0,0.0,562.0,3068.0,13480.0,416.0,0.0,0.0,46.0,182.0,0.0,0.0,4135.0,0.0,10162.0,18921.0,100077.0,0.0,73.0,0.0,9175.0,0.0,0.0,374.0
2011-03,540.0,0.0,3106.0,3205.0,23865.0,32.0,9954.0,0.0,0.0,0.0,10943.0,0.0,1224.0,1164.0,53286.0,9796.0,20254.0,908.0,161429.0,0.0,0.0,0.0,167.0,8175.0,24973.0,15131.0,444.0,3227.0,853.0,3711.0,1299.0,2464.0,0.0,653.0,3370.0,19384.0,522.0,0.0,0.0,143.0,231.0,0.0,0.0,6396.0,0.0,17760.0,15224.0,11941.0,0.0,149.0,0.0,10373.0,2.0,0.0,571.0
2011-02,429.0,0.0,2462.0,1827.0,19003.0,3.0,7255.0,0.0,0.0,1.0,9683.0,0.0,887.0,808.0,36379.0,6546.0,17566.0,554.0,159327.0,0.0,0.0,0.0,74.0,6290.0,18037.0,9898.0,377.0,1811.0,705.0,3161.0,879.0,2283.0,0.0,525.0,2795.0,18129.0,364.0,0.0,0.0,92.0,184.0,0.0,0.0,4409.0,0.0,6072.0,9592.0,141674.0,0.0,111.0,0.0,8759.0,26.0,0.0,415.0
2011-01,423.0,0.0,2219.0,1893.0,22856.0,1243.0,6065.0,0.0,0.0,0.0,7872.0,0.0,870.0,742.0,43982.0,8743.0,24976.0,1352.0,158538.0,0.0,0.0,0.0,40.0,6955.0,16863.0,10907.0,370.0,1868.0,716.0,3017.0,888.0,2134.0,0.0,522.0,2596.0,14564.0,278.0,0.0,0.0,52.0,505.0,0.0,0.0,3211.0,0.0,10749.0,10252.0,150498.0,0.0,94.0,0.0,8362.0,43.0,0.0,430.0
2010-12,413.0,0.0,2082.0,2582.0,24901.0,1381.0,6791.0,0.0,0.0,30.0,6922.0,0.0,933.0,562.0,42861.0,8506.0,9804.0,1297.0,157541.0,0.0,0.0,0.0,0.0,6103.0,15596.0,9201.0,322.0,1549.0,518.0,2877.0,1158.0,2432.0,0.0,501.0,2606.0,12712.0,154.0,0.0,0.0,48.0,188.0,0.0,0.0,3214.0,0.0,9484.0,10633.0,25888.0,0.0,111.0,0.0,6632.0,31.0,0.0,330.0
2010-11,381.0,0.0,1978.0,1971.0,20531.0,1942.0,7102.0,0.0,0.0,0.0,6046.0,0.0,800.0,572.0,40322.0,7193.0,6884.0,877.0,156871.0,0.0,0.0,0.0,0.0,6635.0,14220.0,6948.0,294.0,1567.0,477.0,2516.0,1258.0,1856.0,0.0,431.0,2263.0,11839.0,361.0,0.0,0.0,25.0,204.0,0.0,0.0,2972.0,0.0,6200.0,11360.0,10349.0,0.0,105.0,0.0,5720.0,3.0,0.0,281.0
2010-10,398.0,0.0,2021.0,1885.0,25131.0,2141.0,6695.0,0.0,0.0,0.0,6742.0,0.0,910.0,708.0,42642.0,8025.0,6529.0,1304.0,155870.0,0.0,0.0,0.0,3.0,7187.0,15050.0,9353.0,291.0,1864.0,621.0,2430.0,836.0,1847.0,0.0,593.0,2954.0,11691.0,328.0,0.0,0.0,43.0,545.0,0.0,0.0,2852.0,0.0,9016.0,19990.0,148942.0,0.0,88.0,0.0,7211.0,28.0,0.0,567.0
2010-09,334.0,0.0,2018.0,2421.0,21810.0,1580.0,6692.0,0.0,0.0,1.0,6189.0,0.0,873.0,707.0,40568.0,9235.0,6080.0,526.0,153331.0,0.0,0.0,0.0,0.0,6323.0,15398.0,10127.0,329.0,1613.0,677.0,2128.0,1084.0,2026.0,0.0,817.0,2377.0,12189.0,338.0,0.0,0.0,25.0,173.0,0.0,0.0,3600.0,0.0,8508.0,8238.0,32826.0,0.0,121.0,0.0,7721.0,9.0,0.0,558.0
2010-08,383.0,0.0,2045.0,2934.0,24503.0,1478.0,7107.0,0.0,0.0,1.0,6842.0,0.0,874.0,651.0,41787.0,9850.0,5056.0,4.0,164916.0,0.0,0.0,0.0,1.0,5025.0,14887.0,8807.0,286.0,1946.0,627.0,1939.0,1045.0,1768.0,0.0,989.0,2744.0,13321.0,239.0,0.0,0.0,28.0,159.0,0.0,0.0,4549.0,0.0,7305.0,13656.0,8398.0,0.0,131.0,0.0,6587.0,1.0,0.0,520.0
2010-07,363.0,0.0,1789.0,2526.0,24115.0,1727.0,6785.0,0.0,1.0,0.0,7185.0,0.0,783.0,784.0,34727.0,9258.0,5048.0,0.0,204102.0,0.0,0.0,0.0,0.0,3789.0,13411.0,8077.0,307.0,1853.0,563.0,1729.0,1194.0,1393.0,0.0,1597.0,2162.0,11000.0,208.0,0.0,0.0,11.0,253.0,0.0,0.0,3977.0,0.0,6529.0,9270.0,61482.0,0.0,172.0,0.0,6085.0,10.0,0.0,496.0
2010-06,352.0,0.0,1632.0,3561.0,25276.0,1289.0,7753.0,0.0,0.0,0.0,7720.0,0.0,895.0,1134.0,37457.0,10706.0,5742.0,0.0,202592.0,0.0,0.0,0.0,0.0,3951.0,14411.0,9446.0,338.0,2167.0,610.0,1978.0,1043.0,1666.0,0.0,716.0,2512.0,10766.0,518.0,0.0,0.0,20.0,157.0,0.0,0.0,5660.0,0.0,7089.0,6675.0,12848.0,0.0,137.0,0.0,5811.0,60.0,0.0,666.0
2010-05,336.0,0.0,1417.0,2477.0,28855.0,1390.0,7571.0,0.0,0.0,1.0,7742.0,0.0,787.0,1298.0,29322.0,10016.0,5685.0,0.0,199991.0,0.0,0.0,0.0,0.0,3822.0,15675.0,8515.0,291.0,2360.0,650.0,2000.0,1247.0,1787.0,0.0,486.0,1955.0,10430.0,478.0,0.0,0.0,11.0,178.0,0.0,0.0,4710.0,0.0,4639.0,8015.0,13326.0,0.0,70.0,0.0,5904.0,1.0,0.0,617.0
2010-04,396.0,0.0,1905.0,4303.0,26930.0,0.0,8726.0,0.0,0.0,1.0,9061.0,0.0,963.0,1723.0,36904.0,8696.0,7121.0,0.0,194706.0,0.0,0.0,0.0,0.0,4027.0,18361.0,10913.0,325.0,2635.0,906.0,2305.0,1187.0,1886.0,0.0,698.0,2670.0,12280.0,608.0,1.0,0.0,35.0,211.0,0.0,0.0,4330.0,0.0,9391.0,9221.0,103873.0,0.0,145.0,0.0,6830.0,0.0,0.0,532.0
2010-03,460.0,0.0,2988.0,3458.0,25069.0,0.0,10516.0,0.0,1.0,0.0,11603.0,0.0,1054.0,2155.0,42135.0,8505.0,9436.0,0.0,190528.0,0.0,0.0,0.0,0.0,4302.0,23107.0,11784.0,453.0,3096.0,891.0,3099.0,1509.0,2525.0,0.0,464.0,2975.0,16819.0,366.0,0.0,0.0,143.0,201.0,0.0,0.0,4648.0,0.0,16223.0,9945.0,10775.0,0.0,121.0,0.0,8286.0,6.0,1.0,563.0
2010-02,408.0,0.0,2665.0,1346.0,23478.0,0.0,7349.0,0.0,0.0,1.0,10026.0,0.0,829.0,1703.0,35197.0,7970.0,7164.0,0.0,185467.0,0.0,0.0,0.0,0.0,3566.0,18936.0,7983.0,310.0,1456.0,725.0,2578.0,1042.0,1735.0,0.0,473.0,2474.0,14598.0,183.0,0.0,0.0,71.0,135.0,0.0,0.0,3329.0,0.0,15683.0,7572.0,15950.0,0.0,94.0,0.0,6674.0,4.0,0.0,407.0
2010-01,397.0,0.0,2211.0,1841.0,24653.0,0.0,7855.0,0.0,0.0,0.0,9881.0,0.0,826.0,1761.0,39777.0,7459.0,7530.0,0.0,183423.0,0.0,0.0,0.0,0.0,3744.0,15231.0,8686.0,280.0,989.0,592.0,2149.0,729.0,1878.0,0.0,335.0,2355.0,13077.0,270.0,0.0,0.0,26.0,165.0,0.0,0.0,4510.0,0.0,2873.0,7487.0,36906.0,0.0,62.0,0.0,6640.0,26.0,0.0,379.0
2009-12,491.0,0.0,2143.0,2646.0,22518.0,0.0,6791.0,0.0,0.0,0.0,7742.0,0.0,992.0,1404.0,44976.0,6771.0,8021.0,0.0,179234.0,0.0,0.0,0.0,1.0,3731.0,15096.0,5968.0,239.0,927.0,464.0,2224.0,1050.0,1507.0,0.0,419.0,3063.0,12785.0,286.0,0.0,0.0,53.0,134.0,0.0,0.0,3429.0,0.0,10098.0,9640.0,8407.0,0.0,61.0,0.0,6058.0,0.0,0.0,396.0
2009-11,399.0,0.0,1722.0,1906.0,17144.0,0.0,6214.0,0.0,0.0,0.0,6458.0,0.0,859.0,1387.0,43221.0,6427.0,5560.0,0.0,172706.0,0.0,0.0,0.0,0.0,3810.0,13601.0,5053.0,216.0,860.0,439.0,2024.0,1060.0,1559.0,0.0,377.0,2257.0,10753.0,246.0,0.0,0.0,86.0,170.0,0.0,0.0,4166.0,0.0,12729.0,20688.0,6087.0,0.0,98.0,0.0,4965.0,54.0,0.0,353.0
2009-10,419.0,0.0,2595.0,3358.0,27218.0,0.0,6960.0,0.0,0.0,0.0,6852.0,0.0,853.0,1323.0,45473.0,7499.0,6675.0,0.0,171503.0,0.0,0.0,0.0,0.0,3759.0,15026.0,7086.0,239.0,1000.0,590.0,2560.0,756.0,2549.0,0.0,446.0,3228.0,11507.0,400.0,0.0,0.0,40.0,152.0,0.0,0.0,4422.0,0.0,10163.0,8933.0,25114.0,0.0,92.0,0.0,5679.0,0.0,0.0,460.0
2009-09,377.0,0.0,2231.0,2244.0,27887.0,0.0,9076.0,0.0,0.0,0.0,7774.0,0.0,867.0,1279.0,43429.0,9155.0,5119.0,0.0,168779.0,0.0,0.0,0.0,0.0,3538.0,14252.0,6866.0,268.0,962.0,650.0,2045.0,878.0,1670.0,0.0,423.0,2882.0,11505.0,758.0,0.0,0.0,62.0,189.0,0.0,0.0,4187.0,0.0,5863.0,9313.0,10164.0,0.0,125.0,0.0,5793.0,62.0,0.0,442.0
2009-08,387.0,0.0,2689.0,3176.0,27339.0,0.0,8631.0,0.0,0.0,0.0,7877.0,0.0,687.0,1320.0,38289.0,1733.0,4451.0,0.0,165893.0,0.0,0.0,0.0,0.0,3088.0,14093.0,5845.0,252.0,1142.0,690.0,1895.0,856.0,1907.0,0.0,642.0,3087.0,11878.0,266.0,0.0,0.0,29.0,177.0,0.0,0.0,4445.0,0.0,34101.0,15638.0,15296.0,0.0,117.0,0.0,5184.0,4.0,0.0,523.0
2009-07,395.0,0.0,4687.0,4196.0,25623.0,0.0,9495.0,0.0,0.0,0.0,9308.0,0.0,813.0,1518.0,33386.0,1.0,4411.0,0.0,163417.0,0.0,0.0,0.0,0.0,2954.0,13872.0,6693.0,284.0,961.0,684.0,1601.0,1071.0,1371.0,0.0,600.0,3156.0,12130.0,389.0,0.0,0.0,32.0,207.0,0.0,0.0,4588.0,0.0,6717.0,13083.0,27412.0,0.0,101.0,0.0,5390.0,1.0,0.0,621.0
2009-06,151.0,0.0,6687.0,5298.0,24176.0,0.0,10548.0,0.0,0.0,0.0,11430.0,0.0,758.0,1867.0,37686.0,7.0,4741.0,0.0,161497.0,0.0,0.0,0.0,0.0,3562.0,14856.0,7232.0,244.0,1181.0,682.0,1955.0,1073.0,1078.0,0.0,691.0,2723.0,13322.0,728.0,0.0,0.0,27.0,167.0,0.0,0.0,5060.0,0.0,5112.0,16043.0,13928.0,0.0,154.0,0.0,6437.0,0.0,0.0,778.0
2009-05,0.0,0.0,4031.0,3257.0,22686.0,0.0,10229.0,0.0,0.0,0.0,9835.0,0.0,897.0,1426.0,48578.0,3.0,5292.0,0.0,158624.0,0.0,0.0,0.0,0.0,3652.0,15319.0,7583.0,166.0,1107.0,722.0,1735.0,786.0,1329.0,0.0,568.0,2294.0,14534.0,1183.0,0.0,0.0,34.0,170.0,0.0,0.0,5717.0,0.0,5054.0,11048.0,10498.0,0.0,140.0,0.0,7250.0,2.0,0.0,626.0
2009-04,0.0,0.0,3935.0,7089.0,25886.0,0.0,11699.0,0.0,0.0,0.0,13120.0,0.0,1013.0,2171.0,62868.0,0.0,7503.0,0.0,155509.0,0.0,0.0,0.0,0.0,4225.0,20672.0,11506.0,296.0,1487.0,962.0,3498.0,1425.0,1523.0,0.0,157.0,3191.0,19077.0,1128.0,0.0,0.0,47.0,205.0,0.0,0.0,5977.0,0.0,1624.0,5368.0,20635.0,0.0,185.0,0.0,9982.0,42.0,0.0,899.0
2009-03,0.0,0.0,3754.0,4120.0,20810.0,0.0,12767.0,0.0,0.0,0.0,16919.0,0.0,1086.0,2675.0,48193.0,3.0,8919.0,0.0,152669.0,0.0,0.0,0.0,0.0,4170.0,22034.0,12861.0,254.0,1471.0,998.0,3629.0,1156.0,1715.0,0.0,636.0,3443.0,22455.0,476.0,0.0,0.0,151.0,282.0,0.0,0.0,4718.0,0.0,4698.0,22322.0,9925.0,0.0,152.0,0.0,9768.0,0.0,0.0,842.0
2009-02,0.0,0.0,3340.0,3456.0,20599.0,0.0,10969.0,0.0,0.0,0.0,15704.0,0.0,792.0,2009.0,39158.0,7.0,7450.0,0.0,148056.0,0.0,0.0,0.0,0.0,3518.0,18315.0,8984.0,282.0,1076.0,847.0,3178.0,1041.0,1044.0,0.0,374.0,2378.0,21758.0,350.0,0.0,0.0,29.0,203.0,0.0,0.0,3390.0,0.0,2027.0,9276.0,7240.0,0.0,106.0,0.0,8783.0,0.0,0.0,542.0
2009-01,0.0,0.0,3329.0,2839.0,29229.0,1.0,10731.0,0.0,0.0,0.0,15218.0,0.0,894.0,1940.0,43131.0,0.0,8498.0,0.0,145120.0,0.0,0.0,0.0,0.0,4421.0,17672.0,9279.0,230.0,1015.0,863.0,3215.0,1209.0,1411.0,0.0,538.0,2514.0,21064.0,282.0,0.0,0.0,100.0,222.0,0.0,0.0,3143.0,0.0,2224.0,6031.0,19495.0,0.0,158.0,0.0,8578.0,0.0,0.0,461.0
2008-12,0.0,0.0,3210.0,2914.0,27135.0,0.0,8651.0,0.0,0.0,0.0,13885.0,0.0,1048.0,1939.0,45910.0,0.0,8003.0,0.0,135943.0,0.0,0.0,0.0,0.0,4527.0,19454.0,7340.0,244.0,926.0,644.0,3708.0,1137.0,1339.0,0.0,524.0,2526.0,20371.0,270.0,0.0,0.0,66.0,224.0,0.0,0.0,2556.0,0.0,31.0,9000.0,5101.0,0.0,105.0,0.0,9102.0,0.0,0.0,389.0
2008-11,5.0,0.0,2816.0,2087.0,23154.0,0.0,6571.0,0.0,0.0,0.0,12954.0,0.0,989.0,1766.0,40567.0,0.0,6159.0,0.0,141522.0,0.0,0.0,0.0,0.0,4272.0,17398.0,8181.0,247.0,629.0,592.0,3128.0,644.0,1548.0,0.0,203.0,2175.0,17444.0,221.0,0.0,0.0,89.0,482.0,0.0,0.0,2336.0,0.0,0.0,9041.0,2801.0,0.0,87.0,0.0,7880.0,0.0,0.0,310.0
2008-10,18.0,0.0,2941.0,2496.0,29299.0,0.0,6861.0,0.0,0.0,0.0,10924.0,0.0,835.0,1410.0,40120.0,0.0,5944.0,0.0,140346.0,0.0,0.0,0.0,0.0,4627.0,17872.0,8193.0,232.0,634.0,603.0,2353.0,545.0,1280.0,0.0,302.0,2445.0,12785.0,301.0,0.0,0.0,10.0,210.0,0.0,0.0,2909.0,0.0,1.0,13970.0,17155.0,0.0,71.0,0.0,6610.0,0.0,0.0,323.0
2008-09,67.0,0.0,2377.0,2600.0,24254.0,0.0,5964.0,0.0,0.0,0.0,8972.0,0.0,655.0,1365.0,40551.0,0.0,4578.0,0.0,139611.0,0.0,0.0,0.0,0.0,4527.0,15035.0,6837.0,194.0,634.0,438.0,1641.0,766.0,1056.0,0.0,375.0,3150.0,10047.0,279.0,0.0,0.0,56.0,182.0,0.0,0.0,2256.0,0.0,18.0,9776.0,4634.0,0.0,96.0,0.0,5916.0,0.0,0.0,285.0
2008-08,23.0,0.0,2783.0,1896.0,29536.0,0.0,5501.0,0.0,0.0,0.0,8229.0,0.0,613.0,1196.0,33710.0,0.0,3547.0,0.0,137218.0,0.0,0.0,0.0,0.0,5205.0,13726.0,6728.0,665.0,600.0,486.0,1484.0,712.0,1264.0,0.0,425.0,3107.0,10036.0,217.0,0.0,0.0,16.0,219.0,0.0,0.0,2412.0,0.0,3.0,7400.0,17678.0,0.0,71.0,0.0,5259.0,0.0,0.0,340.0
2008-07,1.0,0.0,3011.0,2471.0,29756.0,0.0,5642.0,0.0,0.0,0.0,10869.0,0.0,611.0,1240.0,29776.0,0.0,3616.0,0.0,169773.0,0.0,0.0,0.0,0.0,6404.0,13406.0,7150.0,850.0,597.0,518.0,1411.0,819.0,1455.0,0.0,442.0,2854.0,11574.0,271.0,0.0,0.0,9.0,170.0,0.0,0.0,2586.0,0.0,83.0,6552.0,18241.0,0.0,84.0,0.0,5611.0,0.0,0.0,467.0
2008-06,0.0,0.0,2631.0,2518.0,24310.0,0.0,5361.0,0.0,0.0,0.0,8516.0,0.0,608.0,1412.0,25659.0,0.0,3341.0,0.0,132683.0,0.0,0.0,0.0,0.0,6339.0,12732.0,7256.0,818.0,641.0,515.0,1283.0,1253.0,1262.0,0.0,254.0,2867.0,10704.0,323.0,0.0,0.0,46.0,163.0,0.0,0.0,2409.0,0.0,0.0,8254.0,8630.0,0.0,111.0,0.0,6071.0,0.0,0.0,552.0
2008-05,0.0,0.0,3411.0,3067.0,30359.0,0.0,5975.0,0.0,0.0,0.0,8395.0,0.0,564.0,193.0,28665.0,0.0,4277.0,0.0,134814.0,0.0,0.0,0.0,0.0,7065.0,13823.0,7951.0,628.0,722.0,640.0,1556.0,1127.0,1549.0,0.0,287.0,3099.0,11456.0,501.0,0.0,0.0,11.0,175.0,0.0,0.0,3023.0,0.0,0.0,8123.0,5494.0,0.0,136.0,0.0,6768.0,0.0,0.0,269.0
2008-04,0.0,0.0,3539.0,2631.0,31568.0,0.0,6089.0,0.0,0.0,0.0,9082.0,0.0,746.0,1895.0,37487.0,0.0,5273.0,0.0,132704.0,0.0,0.0,0.0,841.0,8019.0,15995.0,9365.0,666.0,790.0,623.0,1815.0,894.0,1964.0,0.0,372.0,3435.0,12897.0,489.0,0.0,0.0,56.0,199.0,0.0,0.0,2659.0,0.0,0.0,9331.0,4522.0,0.0,122.0,0.0,6801.0,0.0,0.0,382.0
2008-03,3.0,0.0,3696.0,4654.0,33791.0,0.0,5771.0,0.0,0.0,0.0,8439.0,0.0,689.0,2055.0,37059.0,0.0,6271.0,0.0,127741.0,0.0,0.0,0.0,854.0,8790.0,16242.0,8966.0,610.0,736.0,694.0,2244.0,911.0,1754.0,0.0,562.0,3339.0,12871.0,277.0,0.0,0.0,147.0,236.0,0.0,0.0,3659.0,0.0,0.0,6004.0,2956.0,0.0,59.0,0.0,8172.0,0.0,0.0,353.0
2008-02,0.0,0.0,3810.0,2305.0,25754.0,1.0,5316.0,0.0,0.0,0.0,8859.0,0.0,562.0,1855.0,31687.0,0.0,5487.0,0.0,125305.0,0.0,0.0,0.0,1006.0,7646.0,14820.0,7202.0,541.0,479.0,638.0,2300.0,808.0,1240.0,0.0,175.0,3452.0,14192.0,533.0,0.0,0.0,59.0,218.0,0.0,0.0,2891.0,0.0,0.0,6723.0,1562.0,0.0,125.0,0.0,6768.0,0.0,0.0,339.0
2008-01,0.0,0.0,4499.0,1542.0,26268.0,0.0,5752.0,0.0,0.0,0.0,7450.0,0.0,642.0,1143.0,36532.0,0.0,7250.0,0.0,124155.0,0.0,0.0,0.0,656.0,7830.0,14502.0,7433.0,721.0,508.0,463.0,2249.0,617.0,1376.0,0.0,337.0,3173.0,12536.0,248.0,0.0,0.0,43.0,259.0,0.0,0.0,2217.0,0.0,0.0,4806.0,3273.0,0.0,100.0,0.0,7097.0,0.0,0.0,223.0
2007-12,0.0,0.0,1888.0,2555.0,23638.0,1.0,4398.0,0.0,0.0,0.0,4850.0,0.0,544.0,1120.0,27329.0,0.0,6234.0,0.0,121387.0,0.0,0.0,0.0,610.0,6209.0,11328.0,5252.0,593.0,377.0,333.0,2132.0,659.0,1107.0,0.0,217.0,3066.0,9735.0,170.0,0.0,0.0,62.0,177.0,0.0,0.0,1688.0,0.0,0.0,0.0,2971.0,0.0,12.0,0.0,6145.0,0.0,0.0,226.0
2007-11,0.0,0.0,2369.0,3056.0,30034.0,0.0,4673.0,0.0,0.0,0.0,5226.0,0.0,564.0,1188.0,34487.0,0.0,4686.0,0.0,120446.0,0.0,0.0,0.0,580.0,8673.0,10721.0,4846.0,563.0,454.0,383.0,1702.0,732.0,1703.0,0.0,223.0,2823.0,8706.0,247.0,0.0,0.0,61.0,177.0,0.0,0.0,1719.0,0.0,0.0,0.0,5713.0,0.0,51.0,0.0,5857.0,0.0,0.0,233.0
2007-10,0.0,0.0,2279.0,1678.0,39519.0,0.0,5072.0,0.0,0.0,0.0,4166.0,0.0,605.0,1163.0,34634.0,0.0,4871.0,0.0,120994.0,0.0,0.0,0.0,751.0,10516.0,12445.0,6404.0,667.0,608.0,416.0,1962.0,517.0,2153.0,0.0,267.0,3088.0,9531.0,200.0,0.0,0.0,13.0,222.0,0.0,0.0,2157.0,0.0,0.0,0.0,5533.0,0.0,111.0,0.0,6868.0,0.0,0.0,276.0
2007-09,0.0,0.0,2165.0,1350.0,50148.0,0.0,3939.0,0.0,0.0,0.0,3016.0,0.0,545.0,1092.0,33186.0,0.0,3659.0,0.0,117369.0,0.0,0.0,0.0,500.0,10520.0,10111.0,5792.0,604.0,500.0,453.0,1507.0,637.0,2171.0,0.0,253.0,3354.0,7634.0,269.0,0.0,0.0,85.0,204.0,0.0,0.0,1502.0,0.0,0.0,1783.0,5941.0,0.0,127.0,0.0,5687.0,0.0,0.0,220.0
2007-08,0.0,0.0,2604.0,1268.0,30631.0,0.0,4490.0,0.0,0.0,0.0,3159.0,0.0,537.0,1332.0,32333.0,0.0,3468.0,0.0,116884.0,0.0,0.0,0.0,816.0,11774.0,10660.0,5394.0,586.0,2083.0,428.0,1638.0,714.0,1803.0,0.0,267.0,3196.0,9290.0,263.0,0.0,0.0,11.0,286.0,0.0,0.0,2009.0,0.0,0.0,10598.0,3850.0,0.0,43.0,0.0,5804.0,0.0,0.0,300.0
2007-07,0.0,0.0,2600.0,2167.0,14418.0,0.0,3794.0,0.0,0.0,0.0,3757.0,0.0,555.0,1237.0,26307.0,0.0,3014.0,0.0,107485.0,0.0,0.0,0.0,841.0,11223.0,10230.0,5926.0,681.0,3446.0,408.0,1346.0,785.0,1740.0,0.0,290.0,3427.0,8357.0,242.0,0.0,0.0,23.0,205.0,0.0,0.0,1978.0,0.0,0.0,9597.0,1157.0,0.0,112.0,0.0,5513.0,1.0,0.0,324.0
2007-06,0.0,0.0,4098.0,1946.0,14630.0,0.0,4160.0,0.0,0.0,0.0,3986.0,0.0,478.0,1425.0,26559.0,0.0,2909.0,0.0,114480.0,0.0,0.0,0.0,964.0,10715.0,9493.0,5703.0,696.0,4016.0,447.0,1383.0,906.0,1336.0,0.0,308.0,2826.0,8285.0,239.0,0.0,0.0,44.0,251.0,0.0,0.0,2006.0,0.0,0.0,6809.0,3597.0,0.0,78.0,0.0,5813.0,0.0,0.0,327.0
2007-05,0.0,0.0,2207.0,1570.0,16765.0,0.0,4340.0,0.0,0.0,0.0,3698.0,0.0,516.0,1558.0,30155.0,0.0,3568.0,0.0,112566.0,0.0,0.0,0.0,998.0,11970.0,11265.0,6480.0,691.0,4986.0,507.0,1651.0,941.0,1943.0,0.0,368.0,4029.0,9532.0,396.0,0.0,0.0,7.0,188.0,0.0,0.0,2877.0,0.0,0.0,9833.0,2961.0,0.0,90.0,0.0,7362.0,0.0,0.0,360.0
2007-04,0.0,0.0,3125.0,1519.0,13848.0,0.0,4509.0,0.0,0.0,0.0,3441.0,0.0,557.0,1739.0,28722.0,0.0,4638.0,0.0,109203.0,0.0,0.0,0.0,1241.0,10557.0,12689.0,6796.0,496.0,4736.0,625.0,1875.0,887.0,1751.0,0.0,400.0,3377.0,8791.0,307.0,0.0,0.0,55.0,245.0,0.0,0.0,2180.0,0.0,0.0,11704.0,2480.0,0.0,109.0,0.0,8015.0,0.0,0.0,307.0
2007-03,0.0,0.0,4026.0,1192.0,15653.0,0.0,4848.0,0.0,0.0,0.0,4028.0,0.0,591.0,1744.0,36049.0,0.0,5461.0,0.0,107956.0,0.0,0.0,0.0,1340.0,11410.0,14803.0,6782.0,692.0,4283.0,580.0,2082.0,889.0,1663.0,0.0,310.0,3687.0,10599.0,365.0,0.0,0.0,121.0,215.0,0.0,0.0,2603.0,0.0,0.0,10004.0,2613.0,0.0,167.0,0.0,7745.0,0.0,0.0,239.0
2007-02,0.0,0.0,3193.0,732.0,12077.0,1326.0,3964.0,0.0,0.0,0.0,3373.0,0.0,448.0,1473.0,29580.0,0.0,4918.0,0.0,105876.0,0.0,0.0,0.0,1381.0,10353.0,12550.0,5344.0,662.0,3381.0,459.0,2081.0,820.0,1624.0,0.0,271.0,3245.0,10861.0,305.0,0.0,0.0,22.0,244.0,0.0,0.0,1984.0,0.0,0.0,9470.0,1795.0,0.0,107.0,0.0,6507.0,0.0,0.0,214.0
2007-01,0.0,0.0,3041.0,2170.0,16445.0,1752.0,4582.0,0.0,0.0,0.0,3633.0,0.0,571.0,1425.0,35972.0,0.0,7045.0,0.0,105742.0,0.0,0.0,0.0,1054.0,11479.0,13629.0,8590.0,527.0,2579.0,485.0,2140.0,613.0,1719.0,0.0,224.0,3809.0,11547.0,317.0,0.0,0.0,62.0,232.0,0.0,0.0,1783.0,0.0,0.0,5526.0,2074.0,0.0,140.0,0.0,6407.0,0.0,0.0,270.0
2006-12,0.0,0.0,2365.0,997.0,12881.0,1645.0,3525.0,0.0,0.0,0.0,3206.0,0.0,477.0,1004.0,32090.0,0.0,6273.0,0.0,102157.0,0.0,0.0,0.0,1373.0,9574.0,11145.0,4498.0,697.0,2045.0,332.0,1990.0,704.0,1468.0,0.0,173.0,3299.0,9157.0,168.0,0.0,0.0,76.0,171.0,0.0,0.0,1366.0,0.0,0.0,9626.0,1907.0,0.0,113.0,0.0,5105.0,0.0,0.0,153.0
2006-11,0.0,0.0,3233.0,775.0,13129.0,1756.0,3517.0,0.0,0.0,0.0,2375.0,0.0,463.0,1248.0,30945.0,0.0,4572.0,0.0,100835.0,0.0,0.0,0.0,1266.0,9035.0,10205.0,3545.0,562.0,1402.0,356.0,1919.0,763.0,1418.0,0.0,279.0,3503.0,8032.0,293.0,0.0,0.0,43.0,326.0,0.0,0.0,1525.0,0.0,0.0,7371.0,1713.0,0.0,127.0,0.0,4956.0,0.0,0.0,188.0
2006-10,0.0,0.0,4638.0,1502.0,14330.0,1667.0,3391.0,0.0,0.0,0.0,3216.0,0.0,496.0,1335.0,33875.0,0.0,4698.0,0.0,99625.0,3.0,0.0,0.0,1472.0,9956.0,11361.0,3963.0,684.0,1464.0,501.0,1927.0,693.0,1720.0,0.0,238.0,4129.0,8884.0,241.0,0.0,0.0,48.0,138.0,0.0,0.0,1564.0,0.0,0.0,6981.0,1697.0,0.0,97.0,0.0,6409.0,0.0,0.0,203.0
2006-08,0.0,0.0,3174.0,2198.0,17926.0,854.0,3553.0,0.0,0.0,0.0,3193.0,0.0,631.0,1564.0,34393.0,0.0,3295.0,0.0,96225.0,0.0,0.0,0.0,1832.0,8775.0,9912.0,6460.0,380.0,1200.0,343.0,1691.0,745.0,1595.0,0.0,412.0,2940.0,8088.0,278.0,0.0,0.0,33.0,158.0,0.0,0.0,1688.0,0.0,2269.0,7317.0,2282.0,0.0,154.0,0.0,5714.0,0.0,0.0,205.0
2006-07,0.0,0.0,2461.0,2746.0,14615.0,582.0,3198.0,0.0,0.0,0.0,2620.0,0.0,622.0,1320.0,22097.0,0.0,2585.0,0.0,16783.0,0.0,0.0,0.0,1639.0,6490.0,9259.0,5052.0,97.0,808.0,362.0,1178.0,663.0,1152.0,0.0,621.0,2522.0,7429.0,223.0,0.0,0.0,17.0,116.0,0.0,0.0,1514.0,0.0,2784.0,9124.0,2352.0,0.0,178.0,0.0,4394.0,0.0,0.0,282.0
2006-06,0.0,0.0,1936.0,993.0,15173.0,757.0,3378.0,0.0,0.0,0.0,3654.0,0.0,704.0,1210.0,26514.0,0.0,2912.0,0.0,0.0,0.0,0.0,0.0,2005.0,7737.0,9703.0,5096.0,0.0,1010.0,371.0,1174.0,817.0,1613.0,0.0,833.0,2840.0,7672.0,190.0,0.0,0.0,11.0,215.0,0.0,0.0,2669.0,0.0,5197.0,9179.0,1449.0,0.0,15.0,0.0,5234.0,0.0,0.0,237.0
2006-05,0.0,0.0,2016.0,1280.0,14812.0,701.0,3644.0,0.0,0.0,0.0,2934.0,0.0,653.0,1192.0,30029.0,0.0,3434.0,0.0,0.0,0.0,0.0,0.0,1605.0,7011.0,11820.0,5795.0,0.0,853.0,507.0,1253.0,817.0,1594.0,0.0,4.0,3182.0,8216.0,212.0,0.0,0.0,12.0,140.0,0.0,0.0,2247.0,0.0,5304.0,8568.0,1370.0,0.0,73.0,0.0,5859.0,2.0,0.0,274.0
2006-04,0.0,0.0,2056.0,1007.0,14930.0,835.0,3417.0,0.0,0.0,0.0,2604.0,0.0,679.0,1189.0,32064.0,0.0,3638.0,0.0,0.0,0.0,0.0,0.0,1623.0,7015.0,12201.0,5437.0,1.0,54.0,459.0,1514.0,880.0,1717.0,0.0,3.0,3473.0,7334.0,404.0,0.0,0.0,57.0,195.0,0.0,0.0,1747.0,0.0,2850.0,6659.0,1523.0,0.0,6.0,0.0,5210.0,6.0,0.0,307.0
2006-03,0.0,0.0,2791.0,1087.0,16038.0,1156.0,4088.0,0.0,0.0,0.0,3304.0,0.0,858.0,1491.0,26878.0,0.0,6033.0,0.0,0.0,0.0,0.0,0.0,2276.0,8609.0,15997.0,6824.0,0.0,0.0,513.0,1993.0,998.0,1997.0,0.0,0.0,4553.0,11392.0,384.0,0.0,0.0,71.0,206.0,0.0,0.0,1976.0,0.0,2771.0,4817.0,1846.0,0.0,0.0,0.0,6077.0,2.0,0.0,226.0
2006-02,0.0,0.0,2142.0,555.0,12974.0,964.0,3410.0,0.0,0.0,0.0,2623.0,0.0,750.0,1057.0,36068.0,0.0,5130.0,0.0,0.0,0.0,0.0,0.0,2128.0,6437.0,13768.0,5981.0,3.0,0.0,522.0,1935.0,744.0,1519.0,0.0,0.0,3727.0,10546.0,188.0,0.0,0.0,24.0,254.0,0.0,0.0,1862.0,0.0,2469.0,5366.0,1749.0,0.0,0.0,0.0,5377.0,4.0,0.0,214.0
2006-01,0.0,0.0,1762.0,678.0,13173.0,799.0,3212.0,0.0,0.0,0.0,2951.0,0.0,695.0,1183.0,27016.0,0.0,6719.0,0.0,0.0,0.0,0.0,0.0,2107.0,7091.0,13667.0,5746.0,0.0,0.0,463.0,2019.0,746.0,1611.0,0.0,0.0,4363.0,10418.0,244.0,0.0,0.0,43.0,330.0,0.0,0.0,1901.0,0.0,3443.0,7746.0,958.0,0.0,0.0,0.0,5134.0,2.0,0.0,256.0
2004-12,0.0,0.0,1497.0,750.0,11948.0,606.0,3410.0,0.0,0.0,0.0,2456.0,0.0,612.0,693.0,45759.0,0.0,6662.0,0.0,0.0,0.0,0.0,0.0,1406.0,2100.0,11365.0,3212.0,0.0,0.0,250.0,1949.0,0.0,1049.0,0.0,0.0,3231.0,7024.0,162.0,0.0,0.0,68.0,191.0,0.0,0.0,1154.0,0.0,1372.0,6718.0,1427.0,0.0,0.0,0.0,2330.0,0.0,0.0,151.0
2004-10,0.0,0.0,1362.0,870.0,8157.0,814.0,3367.0,0.0,0.0,0.0,2648.0,0.0,611.0,1022.0,40353.0,0.0,4514.0,0.0,0.0,0.0,0.0,0.0,1972.0,2792.0,12088.0,3764.0,0.0,0.0,324.0,1793.0,0.0,1580.0,0.0,0.0,3618.0,6037.0,159.0,0.0,0.0,9.0,171.0,0.0,0.0,814.0,0.0,943.0,5159.0,1113.0,0.0,0.0,0.0,2593.0,0.0,0.0,218.0
2004-09,0.0,0.0,1194.0,853.0,10913.0,687.0,3495.0,0.0,0.0,0.0,2559.0,0.0,582.0,740.0,29971.0,0.0,3756.0,0.0,0.0,0.0,0.0,0.0,2108.0,2781.0,11167.0,4413.0,0.0,0.0,345.0,1533.0,0.0,1380.0,0.0,0.0,4022.0,6729.0,142.0,0.0,0.0,65.0,209.0,0.0,0.0,822.0,0.0,1743.0,7709.0,1506.0,0.0,0.0,0.0,2362.0,0.0,0.0,199.0
2004-08,0.0,0.0,1155.0,1355.0,13642.0,680.0,3615.0,0.0,0.0,0.0,2731.0,0.0,639.0,754.0,33559.0,0.0,2921.0,0.0,0.0,0.0,0.0,0.0,1906.0,2978.0,11162.0,3438.0,0.0,0.0,325.0,1337.0,0.0,1346.0,0.0,0.0,3011.0,10127.0,139.0,0.0,0.0,23.0,206.0,0.0,0.0,819.0,0.0,1899.0,7993.0,1759.0,0.0,0.0,0.0,2301.0,0.0,0.0,217.0
2004-07,0.0,0.0,1359.0,963.0,13020.0,763.0,3612.0,0.0,0.0,0.0,2719.0,0.0,610.0,855.0,25706.0,0.0,2742.0,0.0,0.0,0.0,0.0,0.0,1856.0,3096.0,9983.0,4021.0,0.0,0.0,278.0,1103.0,0.0,1457.0,0.0,0.0,2368.0,6019.0,149.0,0.0,0.0,12.0,293.0,0.0,0.0,731.0,0.0,1472.0,6735.0,1404.0,0.0,0.0,0.0,2551.0,0.0,0.0,98.0
2004-06,0.0,0.0,1474.0,1159.0,16471.0,794.0,3962.0,0.0,0.0,0.0,2788.0,0.0,602.0,941.0,32134.0,0.0,2621.0,0.0,0.0,0.0,0.0,0.0,1835.0,3329.0,10358.0,5215.0,0.0,0.0,359.0,1046.0,0.0,1113.0,0.0,0.0,2266.0,6320.0,195.0,0.0,0.0,48.0,366.0,0.0,0.0,861.0,0.0,1531.0,6682.0,1175.0,0.0,0.0,0.0,3034.0,0.0,0.0,185.0
2004-05,0.0,0.0,1473.0,650.0,13000.0,799.0,4164.0,0.0,0.0,0.0,2542.0,0.0,546.0,987.0,26440.0,0.0,2933.0,0.0,0.0,0.0,0.0,0.0,1687.0,3366.0,10403.0,4193.0,0.0,0.0,449.0,1055.0,0.0,1262.0,0.0,0.0,2099.0,6490.0,233.0,0.0,0.0,28.0,446.0,0.0,0.0,726.0,0.0,1025.0,7047.0,1100.0,0.0,0.0,0.0,3019.0,0.0,0.0,152.0
2004-04,0.0,0.0,1768.0,295.0,12699.0,1112.0,4417.0,0.0,0.0,0.0,3019.0,0.0,704.0,1238.0,33635.0,0.0,3777.0,0.0,0.0,0.0,0.0,0.0,2030.0,4373.0,12288.0,4967.0,0.0,0.0,410.0,1192.0,0.0,1736.0,0.0,0.0,2926.0,8107.0,272.0,0.0,0.0,23.0,328.0,0.0,0.0,947.0,0.0,0.0,8345.0,907.0,0.0,0.0,0.0,3011.0,0.0,0.0,256.0
2004-03,0.0,0.0,1930.0,495.0,12809.0,1074.0,5476.0,0.0,0.0,0.0,3926.0,0.0,775.0,1552.0,36578.0,0.0,5797.0,0.0,0.0,0.0,0.0,0.0,2593.0,4584.0,13922.0,6440.0,0.0,0.0,421.0,1641.0,0.0,1874.0,0.0,0.0,3753.0,10917.0,271.0,0.0,0.0,65.0,667.0,0.0,0.0,1187.0,0.0,0.0,7747.0,1316.0,0.0,0.0,0.0,4477.0,0.0,0.0,238.0
2004-02,0.0,0.0,1634.0,20.0,9779.0,985.0,5375.0,0.0,0.0,0.0,3211.0,0.0,496.0,963.0,37855.0,0.0,4721.0,0.0,0.0,0.0,0.0,0.0,2395.0,3988.0,11602.0,4279.0,0.0,0.0,366.0,1414.0,0.0,1569.0,0.0,0.0,2572.0,9985.0,206.0,0.0,0.0,15.0,372.0,0.0,0.0,1075.0,0.0,0.0,5961.0,927.0,0.0,0.0,0.0,3825.0,0.0,0.0,175.0
2004-01,0.0,0.0,1591.0,122.0,12014.0,980.0,4462.0,0.0,0.0,0.0,3339.0,0.0,546.0,848.0,43574.0,0.0,6460.0,0.0,0.0,0.0,0.0,0.0,1769.0,5260.0,11152.0,4690.0,0.0,0.0,292.0,1498.0,0.0,1429.0,0.0,0.0,2578.0,8849.0,152.0,0.0,0.0,41.0,239.0,0.0,0.0,800.0,0.0,0.0,7845.0,779.0,0.0,0.0,0.0,3180.0,0.0,0.0,165.0
2003-12,0.0,0.0,1289.0,106.0,10175.0,687.0,3652.0,0.0,0.0,0.0,2604.0,0.0,629.0,1036.0,37521.0,0.0,7033.0,0.0,0.0,0.0,0.0,0.0,1969.0,5557.0,12044.0,4135.0,0.0,0.0,285.0,1529.0,0.0,1247.0,0.0,0.0,2291.0,8027.0,188.0,0.0,0.0,69.0,229.0,0.0,0.0,716.0,0.0,0.0,7171.0,790.0,0.0,0.0,0.0,3511.0,0.0,0.0,106.0
2003-11,0.0,0.0,1388.0,4.0,10257.0,876.0,3398.0,0.0,0.0,0.0,2157.0,0.0,547.0,447.0,34833.0,0.0,3913.0,0.0,0.0,0.0,0.0,0.0,1839.0,4641.0,9283.0,2983.0,0.0,0.0,224.0,1219.0,0.0,1578.0,0.0,0.0,2198.0,5818.0,213.0,0.0,0.0,54.0,279.0,0.0,0.0,606.0,0.0,0.0,7111.0,667.0,0.0,0.0,0.0,2944.0,0.0,0.0,97.0
2003-10,0.0,0.0,1477.0,94.0,13137.0,1111.0,4566.0,0.0,0.0,0.0,2777.0,0.0,666.0,1032.0,36901.0,760.0,4232.0,0.0,0.0,0.0,0.0,0.0,1996.0,7221.0,12638.0,4544.0,0.0,0.0,369.0,1654.0,0.0,1799.0,0.0,0.0,2557.0,7238.0,213.0,0.0,0.0,16.0,317.0,0.0,0.0,802.0,0.0,0.0,9488.0,855.0,0.0,0.0,0.0,3756.0,0.0,0.0,133.0
2003-09,0.0,0.0,1217.0,67.0,12243.0,814.0,3642.0,0.0,0.0,0.0,2381.0,0.0,664.0,893.0,35227.0,7372.0,3671.0,0.0,0.0,0.0,0.0,0.0,1791.0,8681.0,11580.0,4589.0,0.0,0.0,298.0,1401.0,0.0,1767.0,0.0,0.0,2320.0,6194.0,170.0,0.0,0.0,32.0,302.0,0.0,0.0,784.0,0.0,0.0,7965.0,758.0,0.0,0.0,0.0,3744.0,0.0,0.0,159.0
2003-08,0.0,0.0,1462.0,217.0,13344.0,1527.0,3588.0,0.0,0.0,0.0,2314.0,0.0,598.0,675.0,33372.0,6192.0,2710.0,0.0,0.0,0.0,0.0,0.0,1724.0,6681.0,9473.0,4700.0,0.0,0.0,275.0,1150.0,0.0,1089.0,0.0,0.0,2377.0,6244.0,198.0,0.0,0.0,57.0,470.0,0.0,0.0,867.0,0.0,1.0,9485.0,602.0,0.0,0.0,0.0,3233.0,0.0,0.0,160.0
2003-07,0.0,0.0,1525.0,26.0,13204.0,1486.0,3910.0,0.0,0.0,0.0,2142.0,0.0,584.0,924.0,21254.0,7389.0,2719.0,0.0,0.0,0.0,0.0,0.0,1851.0,7562.0,9690.0,5748.0,0.0,0.0,304.0,840.0,0.0,991.0,0.0,0.0,2797.0,5315.0,148.0,0.0,0.0,2.0,307.0,0.0,0.0,756.0,0.0,0.0,8704.0,406.0,0.0,0.0,0.0,3889.0,0.0,0.0,158.0
2003-06,0.0,5.0,1499.0,91.0,14333.0,2092.0,3311.0,0.0,0.0,0.0,2237.0,0.0,553.0,1026.0,18754.0,10137.0,2363.0,0.0,0.0,0.0,0.0,0.0,2112.0,7125.0,9065.0,7021.0,0.0,0.0,303.0,867.0,0.0,989.0,0.0,0.0,3527.0,5728.0,224.0,0.0,0.0,30.0,266.0,0.0,0.0,1450.0,0.0,0.0,7820.0,2559.0,0.0,0.0,0.0,4551.0,0.0,0.0,178.0
2003-05,0.0,0.0,1846.0,106.0,15402.0,991.0,3373.0,0.0,0.0,0.0,2163.0,0.0,564.0,945.0,23466.0,11037.0,2986.0,0.0,0.0,0.0,0.0,0.0,2020.0,8607.0,10231.0,5695.0,0.0,0.0,302.0,929.0,0.0,1103.0,0.0,0.0,3584.0,5475.0,234.0,0.0,0.0,27.0,328.0,0.0,0.0,1054.0,0.0,0.0,7221.0,496.0,0.0,0.0,0.0,4793.0,0.0,0.0,159.0
2003-04,0.0,26.0,1929.0,539.0,15281.0,0.0,3585.0,0.0,0.0,0.0,2639.0,0.0,645.0,1123.0,32721.0,10502.0,4052.0,0.0,0.0,0.0,0.0,0.0,2719.0,6375.0,11895.0,4446.0,0.0,0.0,348.0,1376.0,0.0,1240.0,0.0,0.0,3403.0,6096.0,346.0,0.0,0.0,54.0,636.0,0.0,0.0,519.0,0.0,0.0,8476.0,0.0,0.0,0.0,0.0,5552.0,0.0,0.0,211.0
2003-03,0.0,0.0,2117.0,306.0,13897.0,0.0,3872.0,0.0,0.0,0.0,2865.0,0.0,726.0,1790.0,31677.0,6980.0,5134.0,0.0,0.0,2.0,0.0,0.0,2868.0,8348.0,12874.0,5066.0,0.0,0.0,389.0,1593.0,0.0,1359.0,0.0,0.0,3746.0,8029.0,258.0,0.0,0.0,90.0,497.0,0.0,0.0,1122.0,0.0,0.0,12061.0,0.0,0.0,0.0,0.0,6231.0,0.0,0.0,121.0
2003-01,0.0,0.0,1727.0,255.0,12501.0,0.0,3111.0,0.0,0.0,0.0,2574.0,0.0,634.0,1011.0,28116.0,6057.0,6834.0,0.0,0.0,0.0,0.0,0.0,3297.0,7794.0,12927.0,3873.0,0.0,0.0,304.0,1529.0,0.0,853.0,0.0,0.0,3822.0,7565.0,147.0,0.0,0.0,104.0,421.0,0.0,0.0,1020.0,0.0,0.0,8862.0,0.0,0.0,0.0,1.0,6136.0,0.0,0.0,175.0
2002-12,0.0,0.0,1451.0,641.0,12144.0,0.0,2551.0,0.0,0.0,0.0,1947.0,0.0,624.0,766.0,25205.0,5525.0,6418.0,0.0,0.0,0.0,0.0,0.0,3029.0,4841.0,11186.0,3351.0,0.0,0.0,217.0,1591.0,0.0,747.0,0.0,0.0,3520.0,6736.0,109.0,0.0,0.0,100.0,464.0,0.0,0.0,667.0,0.0,0.0,9000.0,0.0,0.0,0.0,0.0,3961.0,0.0,0.0,122.0
2002-11,0.0,0.0,2303.0,431.0,10970.0,0.0,2760.0,0.0,0.0,0.0,1848.0,0.0,553.0,743.0,29619.0,6963.0,3951.0,0.0,0.0,0.0,0.0,0.0,2893.0,6482.0,10078.0,2820.0,0.0,0.0,207.0,1370.0,0.0,955.0,0.0,0.0,2560.0,6674.0,124.0,0.0,0.0,52.0,293.0,0.0,0.0,783.0,0.0,0.0,10686.0,0.0,0.0,0.0,0.0,4181.0,0.0,0.0,106.0
2002-10,0.0,0.0,2466.0,380.0,13175.0,0.0,3258.0,0.0,0.0,0.0,2387.0,0.0,693.0,861.0,27466.0,7531.0,4748.0,0.0,0.0,0.0,0.0,0.0,3025.0,8084.0,12147.0,3667.0,0.0,0.0,290.0,1810.0,0.0,1124.0,0.0,0.0,3642.0,7962.0,112.0,0.0,0.0,29.0,483.0,0.0,0.0,1035.0,0.0,0.0,9264.0,0.0,0.0,0.0,0.0,4647.0,0.0,0.0,182.0
2002-09,0.0,0.0,2262.0,274.0,15316.0,0.0,2807.0,0.0,0.0,0.0,2066.0,0.0,598.0,1178.0,25447.0,6553.0,3649.0,0.0,0.0,0.0,0.0,0.0,2092.0,4504.0,10668.0,3040.0,0.0,0.0,253.0,1242.0,0.0,998.0,0.0,0.0,3599.0,6835.0,115.0,0.0,0.0,118.0,407.0,0.0,0.0,875.0,0.0,0.0,8059.0,0.0,0.0,0.0,0.0,3620.0,0.0,0.0,160.0
2002-08,0.0,0.0,2349.0,252.0,15559.0,0.0,3217.0,0.0,0.0,0.0,2275.0,0.0,651.0,1085.0,25676.0,9978.0,3022.0,0.0,0.0,0.0,0.0,0.0,1919.0,4567.0,10520.0,2865.0,0.0,0.0,215.0,1058.0,0.0,921.0,0.0,0.0,3059.0,7277.0,116.0,0.0,0.0,14.0,437.0,0.0,0.0,907.0,0.0,0.0,8132.0,0.0,0.0,0.0,0.0,4114.0,0.0,0.0,143.0
2002-07,0.0,0.0,1504.0,656.0,17896.0,0.0,2847.0,0.0,0.0,0.0,2268.0,0.0,675.0,887.0,22313.0,8777.0,2735.0,0.0,0.0,0.0,0.0,0.0,1889.0,3995.0,10798.0,2603.0,0.0,0.0,152.0,902.0,0.0,806.0,0.0,0.0,3665.0,6484.0,138.0,0.0,0.0,2.0,462.0,0.0,0.0,993.0,0.0,0.0,7379.0,0.0,0.0,0.0,0.0,4262.0,0.0,0.0,133.0
2002-06,0.0,0.0,1253.0,491.0,15336.0,0.0,3004.0,0.0,0.0,0.0,2099.0,0.0,536.0,1035.0,19439.0,8127.0,2329.0,0.0,0.0,0.0,0.0,0.0,1736.0,3865.0,11001.0,2154.0,0.0,0.0,186.0,790.0,0.0,622.0,0.0,0.0,3975.0,6130.0,133.0,0.0,0.0,66.0,621.0,0.0,0.0,1023.0,0.0,0.0,6946.0,0.0,0.0,0.0,0.0,4388.0,0.0,0.0,256.0
2002-05,0.0,0.0,1161.0,384.0,19557.0,0.0,3691.0,0.0,0.0,0.0,2464.0,0.0,867.0,1083.0,23780.0,10055.0,3114.0,0.0,0.0,0.0,0.0,0.0,1929.0,4120.0,12383.0,2856.0,0.0,0.0,263.0,1003.0,0.0,690.0,0.0,0.0,4127.0,6190.0,167.0,0.0,0.0,15.0,508.0,0.0,0.0,1238.0,0.0,0.0,8635.0,0.0,0.0,0.0,0.0,5837.0,0.0,0.0,173.0
2002-04,0.0,0.0,1008.0,1074.0,16751.0,0.0,4015.0,0.0,0.0,0.0,2623.0,0.0,931.0,1074.0,26877.0,10427.0,3816.0,0.0,0.0,0.0,0.0,0.0,2321.0,3363.0,15720.0,3939.0,0.0,0.0,240.0,1191.0,0.0,812.0,0.0,0.0,6083.0,7112.0,258.0,0.0,0.0,54.0,495.0,0.0,0.0,1088.0,0.0,0.0,6841.0,0.0,0.0,0.0,0.0,4930.0,0.0,0.0,220.0
2002-03,0.0,0.0,1247.0,469.0,15578.0,0.0,3740.0,0.0,0.0,0.0,2835.0,0.0,539.0,1159.0,24564.0,10055.0,4612.0,0.0,0.0,23.0,0.0,0.0,2253.0,4382.0,15524.0,4087.0,0.0,0.0,270.0,1451.0,0.0,892.0,0.0,0.0,5047.0,8267.0,246.0,0.0,0.0,95.0,519.0,0.0,0.0,1398.0,0.0,2.0,6962.0,0.0,0.0,0.0,0.0,3712.0,0.0,0.0,206.0
2002-02,0.0,0.0,1125.0,290.0,19287.0,0.0,3388.0,0.0,0.0,0.0,2538.0,0.0,586.0,849.0,21235.0,9141.0,4757.0,0.0,0.0,0.0,0.0,0.0,2450.0,3560.0,15571.0,3553.0,0.0,0.0,198.0,1539.0,0.0,747.0,0.0,0.0,4110.0,9037.0,140.0,0.0,0.0,41.0,499.0,0.0,0.0,1718.0,0.0,0.0,6201.0,0.0,0.0,0.0,0.0,3765.0,0.0,0.0,182.0
2002-01,0.0,0.0,1253.0,821.0,20145.0,0.0,4340.0,0.0,0.0,0.0,2913.0,0.0,548.0,860.0,26403.0,9590.0,6416.0,0.0,0.0,0.0,0.0,0.0,2245.0,4412.0,16677.0,3909.0,0.0,0.0,219.0,1662.0,0.0,765.0,0.0,0.0,5175.0,8753.0,172.0,0.0,0.0,105.0,610.0,0.0,0.0,1450.0,0.0,1.0,6715.0,0.0,0.0,0.0,0.0,3132.0,0.0,0.0,115.0
2001-12,0.0,0.0,1060.0,313.0,23148.0,0.0,3199.0,0.0,0.0,0.0,2330.0,0.0,711.0,715.0,30307.0,8261.0,5521.0,0.0,0.0,0.0,0.0,0.0,3106.0,4237.0,14443.0,3018.0,0.0,0.0,152.0,1625.0,0.0,567.0,0.0,0.0,4228.0,8035.0,150.0,0.0,0.0,115.0,396.0,0.0,0.0,1990.0,1.0,0.0,6464.0,0.0,0.0,0.0,0.0,2685.0,4.0,0.0,170.0
2001-11,0.0,0.0,1520.0,314.0,24767.0,0.0,3505.0,0.0,0.0,0.0,2348.0,0.0,664.0,846.0,36464.0,8259.0,4605.0,0.0,0.0,0.0,0.0,0.0,3278.0,3558.0,16564.0,3190.0,0.0,0.0,223.0,1567.0,2.0,665.0,0.0,0.0,4530.0,8459.0,175.0,0.0,0.0,124.0,447.0,0.0,0.0,836.0,0.0,0.0,7042.0,0.0,0.0,0.0,0.0,2238.0,0.0,0.0,161.0
2001-10,0.0,0.0,1302.0,562.0,13588.0,0.0,3307.0,0.0,0.0,0.0,3748.0,0.0,819.0,1122.0,35538.0,11804.0,5016.0,0.0,0.0,0.0,0.0,0.0,3976.0,3744.0,21046.0,5120.0,0.0,0.0,195.0,2092.0,0.0,1115.0,0.0,0.0,5823.0,11165.0,170.0,0.0,0.0,63.0,422.0,0.0,0.0,980.0,0.0,0.0,6273.0,0.0,0.0,0.0,0.0,4372.0,0.0,0.0,157.0
2001-09,0.0,0.0,815.0,520.0,15833.0,0.0,3025.0,0.0,0.0,0.0,2578.0,0.0,525.0,625.0,24216.0,7629.0,3536.0,0.0,0.0,0.0,0.0,0.0,2539.0,2489.0,17541.0,3584.0,0.0,0.0,153.0,1557.0,0.0,576.0,0.0,0.0,3806.0,7605.0,112.0,0.0,0.0,123.0,274.0,0.0,0.0,715.0,0.0,0.0,4319.0,0.0,0.0,0.0,0.0,2687.0,0.0,0.0,107.0
2001-08,0.0,0.0,1082.0,432.0,20018.0,0.0,6150.0,0.0,0.0,0.0,2518.0,0.0,658.0,648.0,27046.0,10466.0,2723.0,0.0,0.0,0.0,0.0,0.0,1912.0,2311.0,16402.0,2764.0,0.0,0.0,106.0,1027.0,0.0,370.0,0.0,0.0,4606.0,7206.0,115.0,0.0,0.0,15.0,304.0,0.0,0.0,802.0,0.0,0.0,5286.0,0.0,0.0,0.0,0.0,2281.0,0.0,0.0,154.0
2001-07,0.0,0.0,708.0,449.0,19436.0,0.0,5752.0,0.0,0.0,0.0,2584.0,0.0,465.0,880.0,23431.0,9922.0,2391.0,0.0,0.0,0.0,0.0,0.0,1881.0,2322.0,16389.0,2202.0,0.0,0.0,114.0,885.0,0.0,247.0,0.0,0.0,3788.0,6207.0,173.0,0.0,0.0,3.0,293.0,0.0,0.0,891.0,0.0,0.0,4533.0,0.0,0.0,0.0,0.0,2729.0,0.0,1.0,165.0
2001-06,0.0,0.0,990.0,410.0,20117.0,0.0,6321.0,0.0,0.0,0.0,2449.0,0.0,499.0,270.0,19149.0,14171.0,2344.0,0.0,0.0,0.0,0.0,0.0,1992.0,2305.0,9134.0,2086.0,0.0,0.0,123.0,801.0,0.0,113.0,0.0,0.0,5044.0,5987.0,116.0,0.0,0.0,51.0,184.0,0.0,0.0,1118.0,0.0,1.0,4796.0,0.0,0.0,0.0,0.0,2399.0,0.0,0.0,162.0
2001-05,0.0,0.0,1037.0,526.0,21051.0,0.0,6877.0,0.0,0.0,0.0,2771.0,0.0,620.0,0.0,19159.0,6064.0,2768.0,0.0,0.0,0.0,0.0,0.0,1846.0,2758.0,10225.0,2643.0,0.0,4.0,148.0,922.0,0.0,66.0,0.0,0.0,4201.0,6525.0,242.0,0.0,0.0,22.0,199.0,0.0,0.0,1410.0,0.0,1.0,7368.0,0.0,0.0,0.0,0.0,2519.0,0.0,0.0,220.0
2001-04,0.0,0.0,963.0,600.0,20385.0,0.0,6890.0,0.0,0.0,0.0,3097.0,0.0,623.0,0.0,20533.0,6656.0,3328.0,0.0,0.0,0.0,0.0,0.0,2184.0,2504.0,12640.0,3523.0,0.0,0.0,14.0,1026.0,0.0,57.0,0.0,0.0,5137.0,6616.0,173.0,0.0,0.0,41.0,292.0,0.0,0.0,1079.0,0.0,0.0,5284.0,0.0,0.0,0.0,0.0,2589.0,0.0,0.0,205.0
2001-03,0.0,0.0,1265.0,919.0,21878.0,0.0,7470.0,0.0,0.0,0.0,3483.0,0.0,601.0,0.0,25752.0,7449.0,4950.0,0.0,0.0,0.0,0.0,0.0,2412.0,2911.0,14717.0,4333.0,0.0,0.0,10.0,1353.0,0.0,45.0,0.0,0.0,6579.0,8729.0,246.0,0.0,0.0,65.0,347.0,0.0,0.0,1516.0,0.0,0.0,9577.0,0.0,0.0,0.0,0.0,3091.0,0.0,0.0,199.0
2001-02,0.0,0.0,1154.0,602.0,21222.0,0.0,6485.0,0.0,0.0,0.0,2857.0,0.0,587.0,0.0,21642.0,5777.0,4338.0,0.0,0.0,0.0,0.0,0.0,2560.0,2771.0,12875.0,3217.0,0.0,0.0,2.0,1222.0,0.0,31.0,0.0,0.0,4185.0,9617.0,159.0,0.0,0.0,25.0,386.0,0.0,0.0,1740.0,0.0,0.0,5555.0,0.0,0.0,0.0,0.0,2082.0,0.0,0.0,128.0
2001-01,0.0,0.0,761.0,578.0,14828.0,0.0,7113.0,0.0,0.0,0.0,3255.0,0.0,684.0,0.0,24377.0,6686.0,6161.0,0.0,0.0,0.0,0.0,0.0,2328.0,2882.0,14083.0,3167.0,0.0,0.0,3.0,1409.0,0.0,41.0,0.0,0.0,4769.0,9273.0,213.0,0.0,0.0,76.0,371.0,0.0,0.0,1490.0,0.0,1.0,7076.0,0.0,0.0,0.0,0.0,3076.0,0.0,0.0,205.0
2000-12,0.0,0.0,364.0,258.0,6241.0,0.0,7309.0,0.0,0.0,0.0,2714.0,0.0,468.0,0.0,23309.0,7263.0,4677.0,0.0,0.0,0.0,0.0,0.0,2164.0,2726.0,8835.0,2412.0,0.0,0.0,1.0,1308.0,0.0,33.0,0.0,0.0,4850.0,8116.0,102.0,0.0,0.0,80.0,300.0,0.0,0.0,770.0,0.0,0.0,4325.0,0.0,0.0,0.0,0.0,2058.0,0.0,0.0,141.0
2000-11,0.0,0.0,569.0,483.0,8283.0,0.0,7358.0,0.0,0.0,0.0,2641.0,0.0,539.0,0.0,26091.0,8726.0,4233.0,0.0,0.0,0.0,0.0,0.0,2414.0,3369.0,9174.0,2629.0,0.0,0.0,0.0,1355.0,0.0,60.0,0.0,0.0,4644.0,7505.0,115.0,0.0,0.0,0.0,337.0,0.0,0.0,609.0,0.0,0.0,7221.0,0.0,0.0,0.0,0.0,2229.0,0.0,0.0,177.0
2000-10,0.0,0.0,507.0,394.0,10529.0,0.0,7838.0,0.0,0.0,0.0,2844.0,0.0,630.0,0.0,29443.0,9058.0,4331.0,0.0,0.0,0.0,0.0,0.0,3144.0,3587.0,10519.0,3057.0,0.0,0.0,0.0,1637.0,0.0,77.0,0.0,0.0,5057.0,7565.0,158.0,0.0,0.0,0.0,371.0,0.0,0.0,735.0,0.0,0.0,6525.0,0.0,0.0,0.0,0.0,2591.0,0.0,0.0,168.0
2000-09,0.0,0.0,419.0,608.0,12099.0,0.0,6700.0,0.0,0.0,0.0,2919.0,0.0,726.0,0.0,25235.0,9213.0,2966.0,0.0,0.0,0.0,0.0,0.0,3173.0,2966.0,9453.0,2652.0,0.0,0.0,0.0,1221.0,0.0,59.0,0.0,0.0,4847.0,6494.0,192.0,0.0,0.0,0.0,281.0,0.0,0.0,540.0,0.0,0.0,6590.0,0.0,0.0,0.0,0.0,1894.0,0.0,0.0,213.0
2000-08,1.0,0.0,625.0,495.0,12923.0,0.0,7379.0,0.0,0.0,0.0,2937.0,0.0,651.0,0.0,30077.0,7373.0,2749.0,0.0,0.0,0.0,0.0,0.0,2900.0,3928.0,9145.0,2808.0,0.0,0.0,0.0,1102.0,0.0,51.0,0.0,0.0,5179.0,8064.0,190.0,0.0,0.0,0.0,299.0,0.0,0.0,691.0,0.0,3.0,8164.0,0.0,0.0,0.0,0.0,2007.0,0.0,0.0,234.0
2000-07,2.0,0.0,542.0,542.0,15461.0,0.0,6168.0,0.0,0.0,0.0,2809.0,0.0,574.0,0.0,18298.0,6776.0,2145.0,0.0,0.0,0.0,0.0,0.0,2491.0,3451.0,9740.0,2007.0,0.0,0.0,0.0,850.0,0.0,55.0,0.0,0.0,4360.0,6709.0,186.0,0.0,0.0,0.0,239.0,0.0,0.0,493.0,0.0,0.0,8928.0,0.0,0.0,0.0,0.0,1392.0,0.0,0.0,290.0
2000-06,0.0,0.0,648.0,578.0,20464.0,0.0,6778.0,0.0,0.0,0.0,3133.0,0.0,489.0,0.0,19717.0,8427.0,2322.0,0.0,0.0,0.0,0.0,0.0,2719.0,3349.0,9267.0,2376.0,0.0,1.0,1.0,846.0,0.0,45.0,0.0,0.0,4105.0,7693.0,244.0,0.0,0.0,0.0,324.0,0.0,0.0,491.0,0.0,0.0,6005.0,0.0,0.0,0.0,0.0,1083.0,0.0,0.0,206.0
2000-05,0.0,0.0,703.0,588.0,17746.0,0.0,6927.0,0.0,0.0,0.0,3299.0,0.0,452.0,0.0,20771.0,6772.0,2628.0,0.0,0.0,2.0,0.0,0.0,3052.0,871.0,9575.0,2400.0,0.0,0.0,0.0,945.0,0.0,43.0,0.0,0.0,4241.0,8053.0,277.0,3.0,0.0,0.0,447.0,0.0,0.0,485.0,0.0,0.0,7547.0,0.0,0.0,0.0,0.0,1236.0,0.0,6.0,133.0
2000-04,0.0,0.0,1183.0,680.0,18461.0,0.0,7009.0,0.0,0.0,0.0,3420.0,0.0,419.0,0.0,23195.0,3797.0,3205.0,0.0,0.0,0.0,0.0,0.0,4189.0,831.0,10904.0,2865.0,4.0,0.0,0.0,1221.0,0.0,47.0,0.0,0.0,3995.0,8225.0,288.0,0.0,0.0,0.0,369.0,0.0,0.0,492.0,0.0,0.0,5756.0,0.0,0.0,0.0,0.0,1299.0,0.0,1.0,205.0
2000-03,9.0,0.0,1839.0,893.0,15339.0,0.0,8783.0,0.0,0.0,0.0,4432.0,0.0,574.0,0.0,29711.0,0.0,5083.0,0.0,0.0,0.0,0.0,0.0,3971.0,724.0,13702.0,4089.0,0.0,0.0,0.0,1812.0,0.0,44.0,0.0,0.0,3946.0,11969.0,225.0,0.0,0.0,12.0,518.0,0.0,0.0,724.0,0.0,0.0,6480.0,0.0,0.0,0.0,0.0,1629.0,0.0,0.0,364.0
2000-02,0.0,0.0,1630.0,426.0,13340.0,0.0,7640.0,0.0,0.0,0.0,3863.0,0.0,511.0,0.0,24684.0,0.0,4825.0,0.0,0.0,0.0,0.0,0.0,3028.0,406.0,10620.0,3075.0,0.0,1.0,0.0,1552.0,0.0,44.0,0.0,0.0,3986.0,11945.0,198.0,0.0,3.0,0.0,418.0,0.0,0.0,799.0,0.0,0.0,5275.0,0.0,0.0,0.0,0.0,1377.0,0.0,0.0,268.0
2000-01,0.0,0.0,1372.0,804.0,12259.0,0.0,7652.0,0.0,0.0,0.0,3983.0,0.0,576.0,0.0,25829.0,0.0,5989.0,0.0,0.0,0.0,0.0,0.0,2715.0,490.0,11037.0,2469.0,0.0,0.0,0.0,1430.0,0.0,20.0,0.0,0.0,4634.0,11115.0,126.0,0.0,0.0,0.0,521.0,0.0,0.0,563.0,0.0,0.0,4957.0,0.0,0.0,0.0,0.0,1309.0,0.0,0.0,312.0
1999-12,0.0,0.0,1300.0,372.0,9163.0,0.0,4041.0,0.0,0.0,0.0,4275.0,0.0,671.0,0.0,26777.0,0.0,6271.0,0.0,0.0,0.0,0.0,0.0,3662.0,518.0,12166.0,2732.0,0.0,1.0,0.0,1714.0,0.0,0.0,0.0,0.0,4912.0,12465.0,103.0,0.0,0.0,0.0,532.0,0.0,0.0,466.0,0.0,0.0,4714.0,0.0,0.0,0.0,0.0,1297.0,0.0,0.0,112.0
1999-11,0.0,0.0,1534.0,254.0,10394.0,0.0,2201.0,0.0,0.0,0.0,3651.0,0.0,566.0,0.0,32712.0,0.0,3421.0,0.0,0.0,0.0,0.0,0.0,3383.0,343.0,10331.0,2256.0,0.0,0.0,0.0,1569.0,0.0,2.0,0.0,0.0,4223.0,8620.0,29.0,0.0,0.0,0.0,763.0,0.0,0.0,529.0,0.0,0.0,4398.0,0.0,0.0,0.0,0.0,1139.0,0.0,0.0,184.0
1999-10,0.0,0.0,1506.0,479.0,7976.0,0.0,2541.0,0.0,0.0,0.0,3394.0,0.0,414.0,0.0,32640.0,0.0,4121.0,0.0,0.0,0.0,0.0,0.0,3129.0,521.0,10924.0,2507.0,0.0,0.0,0.0,1598.0,0.0,2.0,0.0,0.0,4669.0,8446.0,0.0,0.0,0.0,0.0,701.0,0.0,0.0,439.0,0.0,0.0,4654.0,0.0,0.0,0.0,0.0,1119.0,0.0,0.0,270.0
1999-09,0.0,0.0,1640.0,868.0,8101.0,0.0,2734.0,0.0,0.0,0.0,3442.0,0.0,451.0,0.0,28734.0,0.0,3287.0,0.0,0.0,0.0,0.0,0.0,2792.0,285.0,9349.0,2297.0,0.0,0.0,0.0,1354.0,0.0,0.0,0.0,0.0,4496.0,7572.0,0.0,0.0,5.0,0.0,1656.0,0.0,0.0,457.0,0.0,0.0,4662.0,0.0,0.0,0.0,0.0,876.0,0.0,0.0,215.0
1999-08,0.0,0.0,1576.0,505.0,8723.0,0.0,3295.0,0.0,0.0,0.0,3650.0,0.0,462.0,0.0,24132.0,0.0,2866.0,0.0,0.0,0.0,0.0,0.0,2561.0,175.0,10005.0,2417.0,0.0,0.0,0.0,1235.0,0.0,0.0,0.0,0.0,4341.0,8798.0,0.0,0.0,0.0,0.0,1149.0,0.0,0.0,507.0,0.0,0.0,4723.0,0.0,0.0,0.0,0.0,1133.0,0.0,0.0,175.0
1998-11,0.0,4.0,0.0,0.0,434.0,0.0,17.0,0.0,0.0,0.0,2.0,0.0,27.0,0.0,4.0,0.0,314.0,0.0,0.0,0.0,0.0,0.0,59.0,0.0,579.0,9.0,0.0,0.0,0.0,88.0,0.0,0.0,0.0,0.0,0.0,524.0,0.0,0.0,0.0,0.0,0.0,0.0,0.0,0.0,0.0,0.0,0.0,0.0,0.0,0.0,0.0,1.0,3.0,0.0,8.0
